Order_ID,Order_Date,Customer_ID,Product,Category,Region,City,Customer_Segment,Sales_Channel,Quantity,Unit_Price,Discount,Revenue,Cost,Profit,Month
ORD00001,2025-11-24,CUST1280,Smartphone,Electronics,North,Lucknow,Consumer,Online,1,27437.94,0.15,23322.25,19755.32,3566.93,2025-11
ORD00002,2025-02-14,CUST1102,Printer,Electronics,South,Hyderabad,Consumer,Online,3,15009.6,0.1,40525.92,32420.74,8105.18,2025-02
ORD00003,2025-11-29,CUST1217,Mouse,Accessories,South,Kochi,Corporate,Retail Store,1,1244.54,0.02,1219.65,684.5,535.15,2025-11
ORD00004,2025-06-24,CUST1310,Office Chair,Furniture,North,Lucknow,Consumer,Online,2,12189.42,0.05,23159.9,15114.88,8045.02,2025-06
ORD00005,2025-05-16,CUST1317,Laptop,Electronics,West,Mumbai,Home Office,Online,3,61422.59,0.15,156627.6,132672.79,23954.81,2025-05
ORD00006,2025-07-05,CUST1120,Printer,Electronics,North,Delhi,Consumer,Online,2,13229.43,0.0,26458.86,19050.38,7408.48,2025-07
ORD00007,2025-02-21,CUST1350,Backpack,Accessories,South,Chennai,Consumer,Online,4,1672.73,0.15,5687.28,3680.01,2007.27,2025-02
ORD00008,2025-11-28,CUST1328,Smartphone,Electronics,East,Bhubaneswar,Corporate,Online,2,29640.47,0.05,56316.89,42682.28,13634.61,2025-11
ORD00009,2025-12-19,CUST1162,Mouse,Accessories,North,Lucknow,Home Office,Retail Store,2,1219.41,0.0,2438.82,1341.35,1097.47,2025-12
ORD00010,2025-07-25,CUST1235,Office Chair,Furniture,North,Lucknow,Consumer,Online,6,12399.5,0.15,63237.45,46126.14,17111.31,2025-07
ORD00011,2025-03-15,CUST1113,Office Chair,Furniture,North,Lucknow,Corporate,Online,3,11079.52,0.05,31576.63,20607.91,10968.72,2025-03
ORD00012,2025-03-12,CUST1217,Mouse,Accessories,South,Hyderabad,Home Office,Online,1,1290.22,0.15,1096.69,709.62,387.07,2025-03
ORD00013,2025-11-02,CUST1349,Smartphone,Electronics,South,Kochi,Corporate,Distributor,5,29489.34,0.0,147446.7,106161.62,41285.08,2025-11
ORD00014,2025-02-28,CUST1135,Mouse,Accessories,West,Ahmedabad,Consumer,Online,2,1144.77,0.15,1946.11,1259.25,686.86,2025-02
ORD00015,2025-09-14,CUST1102,Headphones,Electronics,South,Hyderabad,Home Office,Online,3,3321.82,0.1,8968.91,7175.13,1793.78,2025-09
ORD00016,2025-03-20,CUST1158,Desk,Furniture,West,Mumbai,Corporate,Online,1,14240.17,0.05,13528.16,8828.91,4699.25,2025-03
ORD00017,2025-05-03,CUST1065,Laptop,Electronics,South,Hyderabad,Consumer,Online,1,62964.12,0.1,56667.71,45334.17,11333.54,2025-05
ORD00018,2025-03-07,CUST1277,Keyboard,Accessories,West,Pune,Consumer,Distributor,2,2208.71,0.02,4329.07,2429.58,1899.49,2025-03
ORD00019,2025-12-20,CUST1232,Monitor,Electronics,West,Surat,Home Office,Retail Store,2,17804.0,0.1,32047.2,25637.76,6409.44,2025-12
ORD00020,2025-03-03,CUST1037,Monitor,Electronics,North,Lucknow,Consumer,Retail Store,3,17398.74,0.0,52196.22,37581.28,14614.94,2025-03
ORD00021,2025-12-29,CUST1249,Laptop,Electronics,North,Delhi,Home Office,Online,2,66163.27,0.15,112477.56,95275.11,17202.45,2025-12
ORD00022,2025-04-20,CUST1050,Mouse,Accessories,North,Chandigarh,Consumer,Online,2,1130.78,0.0,2261.56,1243.86,1017.7,2025-04
ORD00023,2025-12-04,CUST1051,Backpack,Accessories,South,Kochi,Consumer,Retail Store,4,1740.14,0.15,5916.48,3828.31,2088.17,2025-12
ORD00024,2025-02-01,CUST1094,Backpack,Accessories,West,Mumbai,Consumer,Online,2,1761.51,0.08,3241.18,1937.66,1303.52,2025-02
ORD00025,2025-05-23,CUST1334,Keyboard,Accessories,South,Hyderabad,Consumer,Distributor,3,2184.54,0.0,6553.62,3604.49,2949.13,2025-05
ORD00026,2025-10-04,CUST1031,Laptop,Electronics,West,Pune,Consumer,Online,2,67965.83,0.08,125057.13,97870.8,27186.33,2025-10
ORD00027,2025-03-26,CUST1285,Backpack,Accessories,North,Chandigarh,Consumer,Retail Store,2,1713.51,0.08,3152.86,1884.86,1268.0,2025-03
ORD00028,2025-12-05,CUST1161,Keyboard,Accessories,North,Lucknow,Consumer,Online,4,2205.01,0.0,8820.04,4851.02,3969.02,2025-12
ORD00029,2025-01-30,CUST1305,Laptop,Electronics,East,Bhubaneswar,Consumer,Online,5,65961.11,0.0,329805.55,237460.0,92345.55,2025-01
ORD00030,2025-02-04,CUST1299,Monitor,Electronics,South,Bengaluru,Corporate,Online,1,16693.78,0.15,14189.71,12019.52,2170.19,2025-02
ORD00031,2025-10-17,CUST1068,Mouse,Accessories,South,Chennai,Consumer,Retail Store,2,1220.65,0.08,2246.0,1342.72,903.28,2025-10
ORD00032,2025-12-10,CUST1038,Office Chair,Furniture,South,Hyderabad,Consumer,Retail Store,3,11367.41,0.0,34102.23,21143.38,12958.85,2025-12
ORD00033,2025-10-03,CUST1146,Monitor,Electronics,South,Bengaluru,Home Office,Distributor,5,16747.35,0.05,79549.91,60290.46,19259.45,2025-10
ORD00034,2025-03-22,CUST1342,Keyboard,Accessories,West,Ahmedabad,Corporate,Distributor,3,2358.01,0.0,7074.03,3890.72,3183.31,2025-03
ORD00035,2025-10-11,CUST1284,Office Chair,Furniture,West,Mumbai,Home Office,Online,1,12894.01,0.0,12894.01,7994.29,4899.72,2025-10
ORD00036,2025-03-21,CUST1259,Office Chair,Furniture,South,Bengaluru,Corporate,Online,3,12592.12,0.05,35887.54,23421.34,12466.2,2025-03
ORD00037,2025-09-08,CUST1171,Office Chair,Furniture,West,Mumbai,Consumer,Online,2,11624.86,0.0,23249.72,14414.83,8834.89,2025-09
ORD00038,2025-03-08,CUST1077,Office Chair,Furniture,North,Chandigarh,Corporate,Online,1,11227.53,0.0,11227.53,6961.07,4266.46,2025-03
ORD00039,2025-10-07,CUST1184,Laptop,Electronics,West,Pune,Consumer,Online,2,66916.02,0.0,133832.04,96359.07,37472.97,2025-10
ORD00040,2025-04-18,CUST1080,Monitor,Electronics,East,Patna,Corporate,Distributor,2,17827.64,0.1,32089.75,25671.8,6417.95,2025-04
ORD00041,2025-05-02,CUST1211,Headphones,Electronics,West,Pune,Home Office,Online,4,3288.34,0.05,12495.69,9470.42,3025.27,2025-05
ORD00042,2025-12-09,CUST1236,Monitor,Electronics,South,Hyderabad,Consumer,Online,3,17986.11,0.02,52879.16,38850.0,14029.16,2025-12
ORD00043,2025-06-29,CUST1036,Office Chair,Furniture,West,Pune,Consumer,Retail Store,2,11106.03,0.05,21101.46,13771.48,7329.98,2025-06
ORD00044,2025-05-23,CUST1060,Desk,Furniture,East,Guwahati,Corporate,Retail Store,2,15982.37,0.0,31964.74,19818.14,12146.6,2025-05
ORD00045,2025-05-14,CUST1224,Headphones,Electronics,East,Patna,Consumer,Retail Store,2,3364.92,0.05,6393.35,4845.48,1547.87,2025-05
ORD00046,2025-11-07,CUST1344,Mouse,Accessories,North,Jaipur,Consumer,Retail Store,1,1231.2,0.1,1108.08,677.16,430.92,2025-11
ORD00047,2025-04-11,CUST1260,Desk,Furniture,South,Chennai,Corporate,Retail Store,1,14548.11,0.05,13820.7,9019.83,4800.87,2025-04
ORD00048,2025-06-08,CUST1347,Backpack,Accessories,South,Chennai,Corporate,Online,4,1805.78,0.08,6645.27,3972.72,2672.55,2025-06
ORD00049,2025-03-31,CUST1297,Printer,Electronics,East,Guwahati,Corporate,Online,2,14104.63,0.08,25952.52,20310.67,5641.85,2025-03
ORD00050,2025-11-07,CUST1087,Desk,Furniture,South,Kochi,Corporate,Online,5,14243.65,0.15,60535.51,44155.32,16380.19,2025-11
ORD00051,2025-12-04,CUST1116,Smartphone,Electronics,South,Chennai,Consumer,Distributor,2,30103.74,0.05,57197.11,43349.39,13847.72,2025-12
ORD00052,2025-04-12,CUST1213,Headphones,Electronics,North,Jaipur,Home Office,Retail Store,4,3654.07,0.08,13446.98,10523.72,2923.26,2025-04
ORD00053,2025-11-19,CUST1055,Printer,Electronics,North,Chandigarh,Consumer,Online,3,14984.48,0.0,44953.44,32366.48,12586.96,2025-11
ORD00054,2025-08-06,CUST1069,Monitor,Electronics,North,Chandigarh,Consumer,Online,5,19137.1,0.08,88030.66,68893.56,19137.1,2025-08
ORD00055,2025-08-26,CUST1259,Mouse,Accessories,West,Ahmedabad,Home Office,Distributor,3,1218.8,0.15,3107.94,2011.02,1096.92,2025-08
ORD00056,2025-08-07,CUST1327,Mouse,Accessories,South,Bengaluru,Corporate,Online,2,1281.0,0.02,2510.76,1409.1,1101.66,2025-08
ORD00057,2025-05-22,CUST1172,Mouse,Accessories,South,Bengaluru,Consumer,Online,2,1120.99,0.05,2129.88,1233.09,896.79,2025-05
ORD00058,2025-06-13,CUST1213,Mouse,Accessories,North,Jaipur,Consumer,Retail Store,4,1141.63,0.0,4566.52,2511.59,2054.93,2025-06
ORD00059,2025-07-28,CUST1011,Desk,Furniture,East,Guwahati,Consumer,Retail Store,2,13908.55,0.1,25035.39,17246.6,7788.79,2025-07
ORD00060,2025-10-22,CUST1276,Backpack,Accessories,South,Chennai,Consumer,Online,6,1749.7,0.08,9658.34,5774.01,3884.33,2025-10
ORD00061,2025-10-07,CUST1343,Printer,Electronics,West,Surat,Consumer,Online,1,13750.64,0.05,13063.11,9900.46,3162.65,2025-10
ORD00062,2025-12-14,CUST1304,Backpack,Accessories,West,Surat,Home Office,Distributor,3,1734.15,0.08,4786.25,2861.35,1924.9,2025-12
ORD00063,2025-10-16,CUST1168,Laptop,Electronics,North,Chandigarh,Consumer,Online,1,68418.87,0.08,62945.36,49261.59,13683.77,2025-10
ORD00064,2025-04-19,CUST1241,Keyboard,Accessories,South,Kochi,Consumer,Distributor,2,2149.58,0.0,4299.16,2364.54,1934.62,2025-04
ORD00065,2025-01-10,CUST1016,Mouse,Accessories,North,Lucknow,Consumer,Online,8,1157.94,0.0,9263.52,5094.94,4168.58,2025-01
ORD00066,2025-05-07,CUST1239,Monitor,Electronics,West,Pune,Consumer,Online,1,18122.96,0.02,17760.5,13048.53,4711.97,2025-05
ORD00067,2025-12-25,CUST1160,Office Chair,Furniture,West,Pune,Corporate,Distributor,4,11310.57,0.02,44337.43,28050.21,16287.22,2025-12
ORD00068,2025-02-25,CUST1102,Printer,Electronics,North,Lucknow,Corporate,Distributor,2,14676.92,0.15,24950.76,21134.76,3816.0,2025-02
ORD00069,2025-02-08,CUST1062,Printer,Electronics,East,Bhubaneswar,Consumer,Retail Store,5,13046.99,0.1,58711.46,46969.16,11742.3,2025-02
ORD00070,2025-10-17,CUST1216,Laptop,Electronics,South,Kochi,Corporate,Online,3,70063.62,0.0,210190.86,151337.42,58853.44,2025-10
ORD00071,2025-09-08,CUST1091,Smartphone,Electronics,South,Chennai,Corporate,Retail Store,4,29219.66,0.08,107528.35,84152.62,23375.73,2025-09
ORD00072,2025-09-25,CUST1126,Office Chair,Furniture,East,Guwahati,Consumer,Retail Store,3,11421.53,0.05,32551.36,21244.05,11307.31,2025-09
ORD00073,2025-02-14,CUST1015,Office Chair,Furniture,West,Pune,Corporate,Retail Store,4,11050.6,0.05,41992.28,27405.49,14586.79,2025-02
ORD00074,2025-09-11,CUST1142,Desk,Furniture,North,Jaipur,Consumer,Online,2,15757.11,0.1,28362.8,19538.82,8823.98,2025-09
ORD00075,2025-10-12,CUST1244,Laptop,Electronics,South,Bengaluru,Consumer,Retail Store,3,67151.32,0.02,197424.88,145046.85,52378.03,2025-10
ORD00076,2025-11-27,CUST1340,Keyboard,Accessories,South,Hyderabad,Consumer,Online,4,2280.61,0.05,8666.32,5017.34,3648.98,2025-11
ORD00077,2025-10-25,CUST1233,Desk,Furniture,South,Chennai,Consumer,Retail Store,2,15651.05,0.15,26606.78,19407.3,7199.48,2025-10
ORD00078,2025-05-19,CUST1095,Office Chair,Furniture,South,Hyderabad,Corporate,Online,4,11182.17,0.15,38019.38,27731.78,10287.6,2025-05
ORD00079,2025-04-09,CUST1052,Monitor,Electronics,West,Ahmedabad,Corporate,Distributor,3,17592.38,0.05,50138.28,37999.54,12138.74,2025-04
ORD00080,2025-04-10,CUST1028,Office Chair,Furniture,North,Jaipur,Consumer,Retail Store,1,11262.47,0.0,11262.47,6982.73,4279.74,2025-04
ORD00081,2025-10-11,CUST1294,Office Chair,Furniture,East,Bhubaneswar,Corporate,Retail Store,1,12697.16,0.0,12697.16,7872.24,4824.92,2025-10
ORD00082,2025-05-26,CUST1059,Keyboard,Accessories,South,Chennai,Consumer,Online,6,2243.4,0.08,12383.57,7403.22,4980.35,2025-05
ORD00083,2025-02-03,CUST1128,Backpack,Accessories,South,Hyderabad,Consumer,Retail Store,8,1751.3,0.0,14010.4,7705.72,6304.68,2025-02
ORD00084,2025-03-02,CUST1302,Mouse,Accessories,West,Pune,Corporate,Online,6,1116.2,0.05,6362.34,3683.46,2678.88,2025-03
ORD00085,2025-08-08,CUST1321,Office Chair,Furniture,East,Kolkata,Corporate,Retail Store,8,11637.09,0.02,91234.79,57719.97,33514.82,2025-08
ORD00086,2025-04-19,CUST1231,Office Chair,Furniture,East,Bhubaneswar,Consumer,Retail Store,1,11664.35,0.08,10731.2,7231.9,3499.3,2025-04
ORD00087,2025-12-19,CUST1037,Printer,Electronics,South,Hyderabad,Consumer,Retail Store,4,14514.32,0.08,53412.7,41801.24,11611.46,2025-12
ORD00088,2025-12-18,CUST1073,Monitor,Electronics,West,Pune,Consumer,Online,3,18396.17,0.05,52429.08,39735.73,12693.35,2025-12
ORD00089,2025-02-06,CUST1064,Laptop,Electronics,North,Lucknow,Corporate,Retail Store,6,69027.01,0.08,381029.1,298196.68,82832.42,2025-02
ORD00090,2025-08-28,CUST1222,Office Chair,Furniture,East,Patna,Consumer,Online,1,11946.65,0.0,11946.65,7406.92,4539.73,2025-08
ORD00091,2025-06-15,CUST1011,Printer,Electronics,South,Hyderabad,Consumer,Retail Store,5,13147.89,0.1,59165.5,47332.4,11833.1,2025-06
ORD00092,2025-12-11,CUST1300,Office Chair,Furniture,East,Bhubaneswar,Consumer,Retail Store,6,12409.43,0.02,72967.45,46163.08,26804.37,2025-12
ORD00093,2025-08-12,CUST1169,Keyboard,Accessories,West,Surat,Consumer,Online,4,2291.8,0.02,8983.86,5041.96,3941.9,2025-08
ORD00094,2025-07-30,CUST1130,Keyboard,Accessories,South,Kochi,Corporate,Retail Store,2,2221.57,0.05,4220.98,2443.73,1777.25,2025-07
ORD00095,2025-06-15,CUST1237,Smartphone,Electronics,West,Surat,Home Office,Retail Store,1,29213.93,0.1,26292.54,21034.03,5258.51,2025-06
ORD00096,2025-07-31,CUST1105,Laptop,Electronics,North,Lucknow,Corporate,Online,2,64935.47,0.0,129870.94,93507.08,36363.86,2025-07
ORD00097,2025-05-17,CUST1312,Mouse,Accessories,North,Lucknow,Consumer,Retail Store,1,1204.36,0.15,1023.71,662.4,361.31,2025-05
ORD00098,2025-05-03,CUST1237,Headphones,Electronics,South,Hyderabad,Corporate,Online,10,3459.42,0.0,34594.2,24907.82,9686.38,2025-05
ORD00099,2025-03-02,CUST1125,Headphones,Electronics,South,Chennai,Consumer,Online,5,3234.23,0.08,14877.46,11643.23,3234.23,2025-03
ORD00100,2025-08-22,CUST1142,Mouse,Accessories,North,Jaipur,Home Office,Online,5,1124.72,0.0,5623.6,3092.98,2530.62,2025-08
ORD00101,2025-08-01,CUST1297,Desk,Furniture,West,Ahmedabad,Home Office,Online,2,13875.43,0.1,24975.77,17205.53,7770.24,2025-08
ORD00102,2025-12-04,CUST1194,Keyboard,Accessories,West,Surat,Corporate,Online,3,2248.02,0.1,6069.65,3709.23,2360.42,2025-12
ORD00103,2025-08-22,CUST1163,Desk,Furniture,West,Pune,Corporate,Online,4,14554.45,0.0,58217.8,36095.04,22122.76,2025-08
ORD00104,2025-08-31,CUST1170,Backpack,Accessories,South,Bengaluru,Consumer,Online,3,1802.47,0.1,4866.67,2974.08,1892.59,2025-08
ORD00105,2025-02-21,CUST1039,Keyboard,Accessories,North,Chandigarh,Consumer,Online,5,2343.46,0.02,11482.95,6444.52,5038.43,2025-02
ORD00106,2025-08-29,CUST1195,Office Chair,Furniture,South,Kochi,Corporate,Distributor,5,11518.64,0.1,51833.88,35707.78,16126.1,2025-08
ORD00107,2025-06-12,CUST1117,Keyboard,Accessories,West,Mumbai,Corporate,Online,4,2168.45,0.05,8240.11,4770.59,3469.52,2025-06
ORD00108,2025-02-16,CUST1167,Backpack,Accessories,West,Mumbai,Consumer,Retail Store,6,1873.6,0.0,11241.6,6182.88,5058.72,2025-02
ORD00109,2025-01-29,CUST1088,Office Chair,Furniture,South,Kochi,Consumer,Online,3,11479.29,0.02,33749.11,21351.48,12397.63,2025-01
ORD00110,2025-03-31,CUST1119,Smartphone,Electronics,East,Guwahati,Corporate,Online,6,26104.87,0.02,153496.64,112773.04,40723.6,2025-03
ORD00111,2025-08-25,CUST1081,Office Chair,Furniture,South,Hyderabad,Home Office,Online,2,11596.32,0.1,20873.38,14379.44,6493.94,2025-08
ORD00112,2025-02-07,CUST1102,Keyboard,Accessories,West,Ahmedabad,Corporate,Online,2,2080.75,0.05,3953.42,2288.83,1664.59,2025-02
ORD00113,2025-07-16,CUST1012,Keyboard,Accessories,North,Chandigarh,Corporate,Retail Store,10,2351.25,0.05,22336.88,12931.88,9405.0,2025-07
ORD00114,2025-12-04,CUST1118,Backpack,Accessories,South,Hyderabad,Home Office,Retail Store,5,1888.74,0.05,8971.51,5194.04,3777.47,2025-12
ORD00115,2025-11-07,CUST1349,Desk,Furniture,North,Jaipur,Corporate,Retail Store,4,15320.17,0.15,52088.58,37994.02,14094.56,2025-11
ORD00116,2025-03-12,CUST1068,Smartphone,Electronics,West,Mumbai,Consumer,Online,3,29664.14,0.15,75643.56,64074.54,11569.02,2025-03
ORD00117,2025-02-16,CUST1272,Office Chair,Furniture,South,Kochi,Consumer,Online,3,12583.05,0.05,35861.69,23404.47,12457.22,2025-02
ORD00118,2025-09-14,CUST1174,Office Chair,Furniture,West,Ahmedabad,Home Office,Distributor,8,11398.21,0.05,86626.4,56535.12,30091.28,2025-09
ORD00119,2025-02-28,CUST1204,Keyboard,Accessories,West,Pune,Corporate,Online,4,2338.18,0.15,7949.81,5144.0,2805.81,2025-02
ORD00120,2025-10-13,CUST1345,Desk,Furniture,North,Chandigarh,Consumer,Online,2,15094.42,0.15,25660.51,18717.08,6943.43,2025-10
ORD00121,2025-05-15,CUST1168,Printer,Electronics,South,Chennai,Consumer,Online,1,14688.67,0.1,13219.8,10575.84,2643.96,2025-05
ORD00122,2025-11-09,CUST1024,Monitor,Electronics,East,Guwahati,Home Office,Online,2,19140.74,0.02,37515.85,27562.67,9953.18,2025-11
ORD00123,2025-01-20,CUST1190,Office Chair,Furniture,West,Mumbai,Consumer,Distributor,1,11650.57,0.08,10718.52,7223.35,3495.17,2025-01
ORD00124,2025-12-10,CUST1209,Mouse,Accessories,South,Bengaluru,Home Office,Retail Store,5,1125.13,0.1,5063.09,3094.11,1968.98,2025-12
ORD00125,2025-05-24,CUST1189,Laptop,Electronics,East,Bhubaneswar,Consumer,Distributor,5,62170.53,0.0,310852.65,223813.91,87038.74,2025-05
ORD00126,2025-10-06,CUST1047,Desk,Furniture,North,Lucknow,Consumer,Online,5,14825.06,0.08,68195.28,45957.69,22237.59,2025-10
ORD00127,2025-12-06,CUST1106,Monitor,Electronics,East,Kolkata,Consumer,Online,10,18915.88,0.1,170242.92,136194.34,34048.58,2025-12
ORD00128,2025-02-05,CUST1002,Mouse,Accessories,North,Jaipur,Corporate,Online,4,1269.26,0.1,4569.34,2792.37,1776.97,2025-02
ORD00129,2025-05-22,CUST1008,Headphones,Electronics,West,Ahmedabad,Corporate,Online,5,3223.89,0.02,15797.06,11606.0,4191.06,2025-05
ORD00130,2025-07-03,CUST1059,Monitor,Electronics,East,Kolkata,Consumer,Online,4,18030.95,0.1,64911.42,51929.14,12982.28,2025-07
ORD00131,2025-02-02,CUST1023,Keyboard,Accessories,South,Chennai,Consumer,Online,3,2170.93,0.1,5861.51,3582.03,2279.48,2025-02
ORD00132,2025-12-04,CUST1056,Mouse,Accessories,South,Hyderabad,Consumer,Online,2,1146.64,0.15,1949.29,1261.3,687.99,2025-12
ORD00133,2025-09-09,CUST1325,Keyboard,Accessories,North,Delhi,Consumer,Online,1,2066.19,0.1,1859.57,1136.4,723.17,2025-09
ORD00134,2025-10-27,CUST1221,Mouse,Accessories,West,Surat,Home Office,Online,2,1168.82,0.1,2103.88,1285.7,818.18,2025-10
ORD00135,2025-02-20,CUST1205,Smartphone,Electronics,West,Pune,Consumer,Distributor,2,29984.24,0.08,55171.0,43177.31,11993.69,2025-02
ORD00136,2025-08-01,CUST1035,Smartphone,Electronics,South,Chennai,Corporate,Online,1,27207.95,0.08,25031.31,19589.72,5441.59,2025-08
ORD00137,2025-02-16,CUST1301,Smartphone,Electronics,North,Delhi,Corporate,Online,1,28084.18,0.0,28084.18,20220.61,7863.57,2025-02
ORD00138,2025-10-15,CUST1027,Mouse,Accessories,South,Hyderabad,Consumer,Distributor,6,1238.98,0.08,6839.17,4088.63,2750.54,2025-10
ORD00139,2025-05-28,CUST1056,Printer,Electronics,South,Hyderabad,Corporate,Online,3,13694.53,0.02,40261.92,29580.18,10681.74,2025-05
ORD00140,2025-06-29,CUST1315,Mouse,Accessories,South,Chennai,Corporate,Retail Store,5,1290.58,0.1,5807.61,3549.1,2258.51,2025-06
ORD00141,2025-12-12,CUST1180,Mouse,Accessories,North,Lucknow,Consumer,Online,4,1288.79,0.05,4897.4,2835.34,2062.06,2025-12
ORD00142,2025-01-04,CUST1272,Headphones,Electronics,West,Surat,Consumer,Retail Store,8,3361.0,0.0,26888.0,19359.36,7528.64,2025-01
ORD00143,2025-04-21,CUST1306,Backpack,Accessories,South,Chennai,Consumer,Online,2,1799.21,0.1,3238.58,1979.13,1259.45,2025-04
ORD00144,2025-02-13,CUST1311,Laptop,Electronics,North,Delhi,Corporate,Online,4,62929.13,0.08,231579.2,181235.89,50343.31,2025-02
ORD00145,2025-08-15,CUST1250,Backpack,Accessories,South,Hyderabad,Consumer,Online,4,1738.03,0.1,6256.91,3823.67,2433.24,2025-08
ORD00146,2025-09-27,CUST1071,Office Chair,Furniture,North,Chandigarh,Home Office,Online,1,11110.82,0.02,10888.6,6888.71,3999.89,2025-09
ORD00147,2025-05-11,CUST1118,Office Chair,Furniture,South,Hyderabad,Consumer,Online,1,12210.36,0.1,10989.32,7570.42,3418.9,2025-05
ORD00148,2025-09-14,CUST1236,Mouse,Accessories,West,Ahmedabad,Consumer,Distributor,1,1200.51,0.0,1200.51,660.28,540.23,2025-09
ORD00149,2025-02-09,CUST1167,Desk,Furniture,East,Guwahati,Corporate,Online,1,13923.55,0.0,13923.55,8632.6,5290.95,2025-02
ORD00150,2025-03-29,CUST1206,Printer,Electronics,South,Chennai,Consumer,Retail Store,2,13504.17,0.1,24307.51,19446.0,4861.51,2025-03
ORD00151,2025-09-26,CUST1262,Smartphone,Electronics,South,Chennai,Corporate,Online,4,29829.03,0.0,119316.12,85907.61,33408.51,2025-09
ORD00152,2025-11-21,CUST1076,Smartphone,Electronics,South,Bengaluru,Home Office,Online,4,26833.24,0.15,91233.02,77279.73,13953.29,2025-11
ORD00153,2025-05-01,CUST1091,Smartphone,Electronics,North,Jaipur,Consumer,Online,4,26409.13,0.0,105636.52,76058.29,29578.23,2025-05
ORD00154,2025-11-18,CUST1166,Keyboard,Accessories,South,Kochi,Corporate,Distributor,3,2196.29,0.1,5929.98,3623.88,2306.1,2025-11
ORD00155,2025-11-18,CUST1029,Desk,Furniture,North,Delhi,Consumer,Retail Store,5,16165.56,0.1,72745.02,50113.24,22631.78,2025-11
ORD00156,2025-06-30,CUST1331,Mouse,Accessories,North,Chandigarh,Consumer,Online,5,1150.47,0.0,5752.35,3163.79,2588.56,2025-06
ORD00157,2025-02-16,CUST1231,Printer,Electronics,East,Guwahati,Consumer,Retail Store,5,14385.58,0.0,71927.9,51788.09,20139.81,2025-02
ORD00158,2025-10-20,CUST1044,Monitor,Electronics,South,Kochi,Consumer,Distributor,2,18753.46,0.05,35631.57,27004.98,8626.59,2025-10
ORD00159,2025-09-16,CUST1191,Headphones,Electronics,North,Chandigarh,Home Office,Online,3,3353.08,0.05,9556.28,7242.65,2313.63,2025-09
ORD00160,2025-05-25,CUST1034,Backpack,Accessories,South,Chennai,Corporate,Online,3,1865.73,0.05,5317.33,3078.45,2238.88,2025-05
ORD00161,2025-06-18,CUST1077,Smartphone,Electronics,East,Guwahati,Consumer,Retail Store,3,27407.67,0.1,74000.71,59200.57,14800.14,2025-06
ORD00162,2025-06-20,CUST1201,Smartphone,Electronics,East,Bhubaneswar,Home Office,Online,3,28592.73,0.15,72911.46,61760.3,11151.16,2025-06
ORD00163,2025-03-08,CUST1344,Printer,Electronics,East,Kolkata,Consumer,Online,5,14299.11,0.02,70065.64,51476.8,18588.84,2025-03
ORD00164,2025-12-26,CUST1175,Mouse,Accessories,North,Chandigarh,Consumer,Online,2,1206.87,0.02,2365.47,1327.56,1037.91,2025-12
ORD00165,2025-09-06,CUST1277,Monitor,Electronics,North,Jaipur,Consumer,Online,5,16820.03,0.1,75690.13,60552.11,15138.02,2025-09
ORD00166,2025-09-27,CUST1320,Laptop,Electronics,East,Bhubaneswar,Corporate,Online,1,68487.15,0.15,58214.08,49310.75,8903.33,2025-09
ORD00167,2025-03-26,CUST1230,Keyboard,Accessories,North,Lucknow,Corporate,Online,2,2136.91,0.05,4060.13,2350.6,1709.53,2025-03
ORD00168,2025-04-30,CUST1226,Mouse,Accessories,South,Kochi,Home Office,Online,4,1139.81,0.1,4103.32,2507.58,1595.74,2025-04
ORD00169,2025-08-25,CUST1129,Office Chair,Furniture,West,Surat,Home Office,Retail Store,5,11118.29,0.02,54479.62,34466.7,20012.92,2025-08
ORD00170,2025-01-27,CUST1083,Keyboard,Accessories,West,Mumbai,Corporate,Online,1,2231.99,0.0,2231.99,1227.59,1004.4,2025-01
ORD00171,2025-05-20,CUST1179,Keyboard,Accessories,West,Pune,Home Office,Online,6,2262.5,0.08,12489.0,7466.25,5022.75,2025-05
ORD00172,2025-01-14,CUST1164,Backpack,Accessories,North,Lucknow,Consumer,Distributor,2,1660.78,0.0,3321.56,1826.86,1494.7,2025-01
ORD00173,2025-02-20,CUST1241,Desk,Furniture,West,Pune,Consumer,Distributor,3,15029.02,0.02,44185.32,27953.98,16231.34,2025-02
ORD00174,2025-08-18,CUST1312,Printer,Electronics,North,Delhi,Consumer,Online,1,13387.35,0.15,11379.25,9638.89,1740.36,2025-08
ORD00175,2025-09-28,CUST1319,Backpack,Accessories,North,Lucknow,Consumer,Online,2,1841.81,0.15,3131.08,2025.99,1105.09,2025-09
ORD00176,2025-08-23,CUST1074,Smartphone,Electronics,North,Chandigarh,Corporate,Online,3,26541.16,0.02,78031.01,57328.91,20702.1,2025-08
ORD00177,2025-05-30,CUST1269,Backpack,Accessories,North,Lucknow,Consumer,Online,4,1854.99,0.0,7419.96,4080.98,3338.98,2025-05
ORD00178,2025-07-04,CUST1130,Smartphone,Electronics,West,Mumbai,Consumer,Online,3,27492.57,0.05,78353.82,59383.95,18969.87,2025-07
ORD00179,2025-01-09,CUST1171,Desk,Furniture,West,Ahmedabad,Consumer,Retail Store,1,16048.15,0.1,14443.33,9949.85,4493.48,2025-01
ORD00180,2025-03-10,CUST1246,Laptop,Electronics,South,Chennai,Corporate,Online,4,61230.22,0.08,225327.21,176343.03,48984.18,2025-03
ORD00181,2025-11-20,CUST1023,Headphones,Electronics,West,Mumbai,Corporate,Distributor,1,3411.0,0.02,3342.78,2455.92,886.86,2025-11
ORD00182,2025-04-13,CUST1019,Laptop,Electronics,South,Chennai,Consumer,Distributor,3,60980.12,0.05,173793.34,131717.06,42076.28,2025-04
ORD00183,2025-11-28,CUST1224,Monitor,Electronics,South,Hyderabad,Home Office,Online,1,19223.12,0.05,18261.96,13840.65,4421.31,2025-11
ORD00184,2025-07-24,CUST1266,Keyboard,Accessories,West,Surat,Consumer,Online,4,2332.82,0.05,8864.72,5132.2,3732.52,2025-07
ORD00185,2025-05-17,CUST1165,Smartphone,Electronics,West,Mumbai,Consumer,Distributor,1,26915.58,0.05,25569.8,19379.22,6190.58,2025-05
ORD00186,2025-02-22,CUST1228,Smartphone,Electronics,South,Chennai,Consumer,Retail Store,2,28716.73,0.15,48818.44,41352.09,7466.35,2025-02
ORD00187,2025-06-29,CUST1039,Keyboard,Accessories,North,Lucknow,Corporate,Online,3,2311.66,0.0,6934.98,3814.24,3120.74,2025-06
ORD00188,2025-12-10,CUST1018,Backpack,Accessories,South,Bengaluru,Home Office,Online,3,1815.9,0.08,5011.88,2996.24,2015.64,2025-12
ORD00189,2025-03-06,CUST1348,Smartphone,Electronics,South,Chennai,Consumer,Distributor,1,28132.83,0.02,27570.17,20255.64,7314.53,2025-03
ORD00190,2025-08-19,CUST1143,Desk,Furniture,South,Hyderabad,Corporate,Online,2,14380.45,0.15,24446.76,17831.76,6615.0,2025-08
ORD00191,2025-05-08,CUST1134,Smartphone,Electronics,North,Jaipur,Consumer,Online,3,26177.1,0.05,74604.73,56542.54,18062.19,2025-05
ORD00192,2025-12-27,CUST1038,Keyboard,Accessories,North,Lucknow,Corporate,Distributor,1,2339.82,0.02,2293.02,1286.9,1006.12,2025-12
ORD00193,2025-08-20,CUST1342,Headphones,Electronics,West,Surat,Home Office,Retail Store,8,3724.23,0.05,28304.15,21451.56,6852.59,2025-08
ORD00194,2025-06-27,CUST1327,Smartphone,Electronics,East,Patna,Home Office,Distributor,4,28596.29,0.15,97227.39,82357.32,14870.07,2025-06
ORD00195,2025-03-31,CUST1014,Desk,Furniture,South,Hyderabad,Home Office,Retail Store,2,14613.67,0.08,26889.15,18120.95,8768.2,2025-03
ORD00196,2025-07-04,CUST1034,Mouse,Accessories,East,Guwahati,Corporate,Retail Store,3,1171.05,0.0,3513.15,1932.23,1580.92,2025-07
ORD00197,2025-06-08,CUST1065,Backpack,Accessories,West,Surat,Corporate,Retail Store,5,1865.08,0.0,9325.4,5128.97,4196.43,2025-06
ORD00198,2025-06-12,CUST1094,Smartphone,Electronics,South,Chennai,Consumer,Retail Store,3,29779.05,0.1,80403.43,64322.75,16080.68,2025-06
ORD00199,2025-03-08,CUST1166,Backpack,Accessories,South,Hyderabad,Home Office,Online,2,1911.48,0.02,3746.5,2102.63,1643.87,2025-03
ORD00200,2025-12-30,CUST1141,Monitor,Electronics,South,Chennai,Home Office,Online,3,18806.04,0.1,50776.31,40621.05,10155.26,2025-12
ORD00201,2025-03-06,CUST1088,Office Chair,Furniture,East,Kolkata,Consumer,Online,6,12272.7,0.02,72163.48,45654.44,26509.04,2025-03
ORD00202,2025-12-04,CUST1042,Printer,Electronics,West,Ahmedabad,Home Office,Retail Store,5,13068.47,0.0,65342.35,47046.49,18295.86,2025-12
ORD00203,2025-01-24,CUST1322,Printer,Electronics,South,Bengaluru,Corporate,Online,3,13242.05,0.08,36548.06,28602.83,7945.23,2025-01
ORD00204,2025-10-07,CUST1233,Office Chair,Furniture,East,Patna,Consumer,Retail Store,4,12765.22,0.05,48507.84,31657.75,16850.09,2025-10
ORD00205,2025-02-07,CUST1164,Laptop,Electronics,North,Chandigarh,Consumer,Online,3,66106.86,0.05,188404.55,142790.82,45613.73,2025-02
ORD00206,2025-06-26,CUST1137,Backpack,Accessories,North,Lucknow,Consumer,Online,2,1658.65,0.0,3317.3,1824.52,1492.78,2025-06
ORD00207,2025-08-19,CUST1082,Monitor,Electronics,North,Delhi,Consumer,Online,3,16852.24,0.02,49545.59,36400.84,13144.75,2025-08
ORD00208,2025-06-17,CUST1158,Printer,Electronics,West,Pune,Corporate,Online,3,14366.24,0.08,39650.82,31031.08,8619.74,2025-06
ORD00209,2025-09-12,CUST1025,Laptop,Electronics,North,Chandigarh,Consumer,Distributor,2,59852.64,0.05,113720.02,86187.8,27532.22,2025-09
ORD00210,2025-01-26,CUST1136,Office Chair,Furniture,South,Kochi,Consumer,Online,1,11348.75,0.02,11121.77,7036.23,4085.54,2025-01
ORD00211,2025-07-07,CUST1038,Backpack,Accessories,South,Kochi,Consumer,Retail Store,2,1814.04,0.05,3446.68,1995.44,1451.24,2025-07
ORD00212,2025-07-17,CUST1050,Mouse,Accessories,South,Chennai,Home Office,Retail Store,3,1236.84,0.02,3636.31,2040.79,1595.52,2025-07
ORD00213,2025-07-21,CUST1261,Desk,Furniture,West,Ahmedabad,Corporate,Online,1,15364.71,0.1,13828.24,9526.12,4302.12,2025-07
ORD00214,2025-07-25,CUST1077,Mouse,Accessories,North,Delhi,Consumer,Online,3,1147.06,0.08,3165.89,1892.65,1273.24,2025-07
ORD00215,2025-11-07,CUST1304,Mouse,Accessories,North,Lucknow,Consumer,Distributor,4,1240.74,0.05,4714.81,2729.63,1985.18,2025-11
ORD00216,2025-06-22,CUST1170,Mouse,Accessories,West,Surat,Corporate,Online,5,1149.55,0.05,5460.36,3161.26,2299.1,2025-06
ORD00217,2025-12-11,CUST1306,Smartphone,Electronics,West,Ahmedabad,Corporate,Retail Store,4,27217.79,0.0,108871.16,78387.24,30483.92,2025-12
ORD00218,2025-08-31,CUST1318,Office Chair,Furniture,West,Pune,Corporate,Retail Store,1,12473.26,0.15,10602.27,7733.42,2868.85,2025-08
ORD00219,2025-07-14,CUST1226,Headphones,Electronics,West,Pune,Consumer,Distributor,1,3583.79,0.0,3583.79,2580.33,1003.46,2025-07
ORD00220,2025-06-10,CUST1032,Backpack,Accessories,North,Jaipur,Consumer,Retail Store,6,1900.58,0.15,9692.96,6271.91,3421.05,2025-06
ORD00221,2025-12-28,CUST1236,Headphones,Electronics,South,Chennai,Home Office,Online,2,3588.26,0.02,7032.99,5167.09,1865.9,2025-12
ORD00222,2025-09-30,CUST1153,Desk,Furniture,East,Patna,Corporate,Online,2,15163.94,0.1,27295.09,18803.29,8491.8,2025-09
ORD00223,2025-04-26,CUST1141,Office Chair,Furniture,West,Pune,Corporate,Online,3,11219.86,0.1,30293.62,20868.94,9424.68,2025-04
ORD00224,2025-05-28,CUST1149,Smartphone,Electronics,East,Guwahati,Home Office,Online,2,27407.37,0.02,53718.45,39466.61,14251.84,2025-05
ORD00225,2025-01-22,CUST1110,Office Chair,Furniture,West,Mumbai,Consumer,Online,2,11549.19,0.08,21250.51,14321.0,6929.51,2025-01
ORD00226,2025-04-14,CUST1026,Mouse,Accessories,South,Chennai,Consumer,Retail Store,3,1150.85,0.02,3383.5,1898.9,1484.6,2025-04
ORD00227,2025-12-09,CUST1349,Mouse,Accessories,North,Jaipur,Consumer,Online,4,1290.82,0.0,5163.28,2839.8,2323.48,2025-12
ORD00228,2025-03-12,CUST1334,Laptop,Electronics,West,Pune,Consumer,Distributor,5,63888.22,0.08,293885.81,229997.59,63888.22,2025-03
ORD00229,2025-04-13,CUST1020,Office Chair,Furniture,South,Hyderabad,Home Office,Online,3,12752.73,0.1,34432.37,23720.08,10712.29,2025-04
ORD00230,2025-03-31,CUST1096,Backpack,Accessories,West,Pune,Home Office,Online,5,1837.77,0.08,8453.74,5053.87,3399.87,2025-03
ORD00231,2025-05-29,CUST1279,Laptop,Electronics,North,Delhi,Home Office,Online,2,68066.04,0.15,115712.27,98015.1,17697.17,2025-05
ORD00232,2025-09-26,CUST1170,Keyboard,Accessories,West,Pune,Home Office,Online,1,2200.93,0.0,2200.93,1210.51,990.42,2025-09
ORD00233,2025-03-25,CUST1099,Keyboard,Accessories,East,Bhubaneswar,Consumer,Online,2,2227.07,0.15,3786.02,2449.78,1336.24,2025-03
ORD00234,2025-03-31,CUST1049,Printer,Electronics,West,Surat,Home Office,Online,1,13983.24,0.15,11885.75,10067.93,1817.82,2025-03
ORD00235,2025-04-05,CUST1169,Headphones,Electronics,South,Bengaluru,Consumer,Online,2,3329.34,0.05,6325.75,4794.25,1531.5,2025-04
ORD00236,2025-06-04,CUST1061,Printer,Electronics,West,Mumbai,Consumer,Online,2,14498.29,0.15,24647.09,20877.54,3769.55,2025-06
ORD00237,2025-08-27,CUST1315,Office Chair,Furniture,North,Lucknow,Corporate,Retail Store,6,11579.08,0.05,66000.76,43074.18,22926.58,2025-08
ORD00238,2025-04-24,CUST1282,Monitor,Electronics,West,Surat,Consumer,Retail Store,3,16630.03,0.08,45898.88,35920.86,9978.02,2025-04
ORD00239,2025-08-30,CUST1270,Mouse,Accessories,West,Pune,Corporate,Retail Store,3,1227.93,0.0,3683.79,2026.08,1657.71,2025-08
ORD00240,2025-08-17,CUST1104,Mouse,Accessories,East,Kolkata,Home Office,Online,5,1138.01,0.1,5121.05,3129.53,1991.52,2025-08
ORD00241,2025-10-21,CUST1299,Mouse,Accessories,North,Lucknow,Home Office,Online,4,1284.57,0.15,4367.54,2826.05,1541.49,2025-10
ORD00242,2025-09-08,CUST1289,Smartphone,Electronics,West,Surat,Corporate,Online,3,30033.6,0.08,82892.74,64872.58,18020.16,2025-09
ORD00243,2025-01-30,CUST1112,Mouse,Accessories,South,Chennai,Corporate,Online,5,1279.65,0.15,5438.51,3519.04,1919.47,2025-01
ORD00244,2025-10-24,CUST1242,Smartphone,Electronics,North,Lucknow,Corporate,Online,1,27418.31,0.0,27418.31,19741.18,7677.13,2025-10
ORD00245,2025-01-17,CUST1192,Office Chair,Furniture,South,Bengaluru,Corporate,Distributor,3,11069.68,0.08,30552.32,20589.6,9962.72,2025-01
ORD00246,2025-07-15,CUST1069,Keyboard,Accessories,West,Surat,Consumer,Retail Store,4,2350.77,0.1,8462.77,5171.69,3291.08,2025-07
ORD00247,2025-12-01,CUST1012,Desk,Furniture,North,Chandigarh,Corporate,Retail Store,2,14827.64,0.0,29655.28,18386.27,11269.01,2025-12
ORD00248,2025-06-02,CUST1080,Keyboard,Accessories,East,Guwahati,Corporate,Retail Store,2,2364.26,0.05,4492.09,2600.69,1891.4,2025-06
ORD00249,2025-05-22,CUST1124,Monitor,Electronics,West,Mumbai,Consumer,Retail Store,3,19335.23,0.0,58005.69,41764.1,16241.59,2025-05
ORD00250,2025-04-16,CUST1023,Smartphone,Electronics,North,Delhi,Consumer,Retail Store,5,29581.48,0.02,144949.25,106493.33,38455.92,2025-04
ORD00251,2025-07-25,CUST1120,Keyboard,Accessories,South,Bengaluru,Corporate,Retail Store,1,2127.65,0.05,2021.27,1170.21,851.06,2025-07
ORD00252,2025-10-22,CUST1114,Desk,Furniture,East,Patna,Consumer,Distributor,10,14724.23,0.1,132518.07,91290.23,41227.84,2025-10
ORD00253,2025-07-31,CUST1330,Office Chair,Furniture,South,Bengaluru,Corporate,Online,3,12674.18,0.05,36121.41,23573.97,12547.44,2025-07
ORD00254,2025-12-10,CUST1276,Backpack,Accessories,West,Ahmedabad,Corporate,Online,2,1747.27,0.02,3424.65,1922.0,1502.65,2025-12
ORD00255,2025-08-31,CUST1288,Monitor,Electronics,West,Ahmedabad,Home Office,Online,2,17048.14,0.0,34096.28,24549.32,9546.96,2025-08
ORD00256,2025-07-31,CUST1231,Backpack,Accessories,East,Bhubaneswar,Consumer,Online,2,1816.36,0.0,3632.72,1998.0,1634.72,2025-07
ORD00257,2025-07-09,CUST1038,Smartphone,Electronics,South,Bengaluru,Consumer,Online,3,29953.97,0.0,89861.91,64700.58,25161.33,2025-07
ORD00258,2025-04-07,CUST1109,Printer,Electronics,West,Pune,Consumer,Distributor,2,14439.11,0.0,28878.22,20792.32,8085.9,2025-04
ORD00259,2025-04-08,CUST1123,Smartphone,Electronics,West,Surat,Home Office,Retail Store,4,28313.87,0.08,104195.04,81543.95,22651.09,2025-04
ORD00260,2025-10-10,CUST1263,Desk,Furniture,West,Surat,Consumer,Retail Store,2,14033.22,0.05,26663.12,17401.19,9261.93,2025-10
ORD00261,2025-09-12,CUST1212,Keyboard,Accessories,North,Chandigarh,Corporate,Online,1,2240.48,0.05,2128.46,1232.26,896.2,2025-09
ORD00262,2025-01-24,CUST1214,Printer,Electronics,West,Pune,Consumer,Retail Store,3,15097.72,0.15,38499.19,32611.08,5888.11,2025-01
ORD00263,2025-06-01,CUST1173,Headphones,Electronics,North,Jaipur,Consumer,Retail Store,3,3298.45,0.15,8411.05,7124.65,1286.4,2025-06
ORD00264,2025-05-12,CUST1280,Keyboard,Accessories,West,Surat,Consumer,Retail Store,2,2206.45,0.02,4324.64,2427.09,1897.55,2025-05
ORD00265,2025-09-08,CUST1025,Headphones,Electronics,West,Mumbai,Corporate,Retail Store,1,3711.33,0.15,3154.63,2672.16,482.47,2025-09
ORD00266,2025-01-04,CUST1192,Backpack,Accessories,North,Jaipur,Consumer,Online,2,1869.34,0.08,3439.59,2056.27,1383.32,2025-01
ORD00267,2025-01-31,CUST1007,Printer,Electronics,East,Guwahati,Corporate,Online,3,14441.32,0.08,39858.04,31193.25,8664.79,2025-01
ORD00268,2025-01-09,CUST1055,Mouse,Accessories,West,Ahmedabad,Consumer,Retail Store,4,1238.88,0.02,4856.41,2725.54,2130.87,2025-01
ORD00269,2025-02-19,CUST1041,Mouse,Accessories,North,Jaipur,Corporate,Online,2,1173.02,0.08,2158.36,1290.32,868.04,2025-02
ORD00270,2025-07-11,CUST1335,Backpack,Accessories,South,Bengaluru,Home Office,Online,4,1740.55,0.0,6962.2,3829.21,3132.99,2025-07
ORD00271,2025-11-29,CUST1088,Laptop,Electronics,North,Chandigarh,Consumer,Online,3,68217.36,0.15,173954.27,147349.5,26604.77,2025-11
ORD00272,2025-02-12,CUST1022,Keyboard,Accessories,West,Ahmedabad,Corporate,Distributor,1,2309.16,0.1,2078.24,1270.04,808.2,2025-02
ORD00273,2025-04-28,CUST1279,Monitor,Electronics,West,Surat,Consumer,Distributor,4,19057.17,0.05,72417.25,54884.65,17532.6,2025-04
ORD00274,2025-10-16,CUST1204,Laptop,Electronics,North,Lucknow,Consumer,Online,1,69297.7,0.15,58903.04,49894.34,9008.7,2025-10
ORD00275,2025-02-09,CUST1170,Office Chair,Furniture,North,Jaipur,Corporate,Retail Store,4,12021.78,0.1,43278.41,29814.01,13464.4,2025-02
ORD00276,2025-07-16,CUST1119,Headphones,Electronics,West,Mumbai,Consumer,Distributor,1,3500.85,0.08,3220.78,2520.61,700.17,2025-07
ORD00277,2025-02-08,CUST1252,Desk,Furniture,East,Guwahati,Home Office,Online,3,15715.91,0.08,43375.91,29231.59,14144.32,2025-02
ORD00278,2025-04-27,CUST1317,Desk,Furniture,East,Guwahati,Consumer,Retail Store,4,15359.91,0.0,61439.64,38092.58,23347.06,2025-04
ORD00279,2025-06-01,CUST1200,Monitor,Electronics,West,Mumbai,Consumer,Online,4,18581.66,0.02,72840.11,53515.18,19324.93,2025-06
ORD00280,2025-06-12,CUST1068,Desk,Furniture,North,Delhi,Home Office,Online,4,15709.9,0.0,62839.6,38960.55,23879.05,2025-06
ORD00281,2025-02-14,CUST1307,Headphones,Electronics,South,Kochi,Consumer,Online,3,3718.4,0.1,10039.68,8031.74,2007.94,2025-02
ORD00282,2025-06-16,CUST1293,Backpack,Accessories,North,Chandigarh,Consumer,Online,6,1753.34,0.02,10309.64,5786.02,4523.62,2025-06
ORD00283,2025-09-24,CUST1086,Headphones,Electronics,East,Bhubaneswar,Consumer,Online,3,3430.33,0.0,10290.99,7409.51,2881.48,2025-09
ORD00284,2025-08-11,CUST1321,Office Chair,Furniture,South,Kochi,Corporate,Online,6,11220.45,0.15,57224.3,41740.07,15484.23,2025-08
ORD00285,2025-09-11,CUST1318,Printer,Electronics,East,Guwahati,Consumer,Online,8,14175.35,0.05,107732.66,81650.02,26082.64,2025-09
ORD00286,2025-07-14,CUST1154,Desk,Furniture,South,Kochi,Corporate,Distributor,8,13886.26,0.02,108868.28,68875.85,39992.43,2025-07
ORD00287,2025-06-14,CUST1150,Printer,Electronics,West,Pune,Consumer,Online,2,13922.94,0.05,26453.59,20049.03,6404.56,2025-06
ORD00288,2025-12-22,CUST1059,Keyboard,Accessories,West,Pune,Consumer,Online,4,2215.01,0.05,8417.04,4873.02,3544.02,2025-12
ORD00289,2025-10-16,CUST1108,Monitor,Electronics,East,Bhubaneswar,Corporate,Retail Store,8,17385.24,0.08,127955.37,100138.98,27816.39,2025-10
ORD00290,2025-08-13,CUST1072,Office Chair,Furniture,West,Mumbai,Corporate,Retail Store,2,12174.4,0.08,22400.9,15096.26,7304.64,2025-08
ORD00291,2025-11-21,CUST1246,Office Chair,Furniture,South,Bengaluru,Corporate,Retail Store,1,11098.56,0.1,9988.7,6881.11,3107.59,2025-11
ORD00292,2025-10-26,CUST1305,Backpack,Accessories,South,Kochi,Corporate,Retail Store,2,1666.76,0.1,3000.17,1833.44,1166.73,2025-10
ORD00293,2025-11-23,CUST1289,Smartphone,Electronics,North,Jaipur,Corporate,Online,3,29445.25,0.0,88335.75,63601.74,24734.01,2025-11
ORD00294,2025-11-27,CUST1114,Backpack,Accessories,West,Ahmedabad,Home Office,Online,1,1759.73,0.05,1671.74,967.85,703.89,2025-11
ORD00295,2025-09-19,CUST1257,Mouse,Accessories,East,Bhubaneswar,Consumer,Online,4,1128.4,0.1,4062.24,2482.48,1579.76,2025-09
ORD00296,2025-03-19,CUST1073,Desk,Furniture,West,Surat,Consumer,Online,8,15053.38,0.0,120427.04,74664.76,45762.28,2025-03
ORD00297,2025-06-28,CUST1232,Office Chair,Furniture,South,Bengaluru,Corporate,Online,1,12518.39,0.15,10640.63,7761.4,2879.23,2025-06
ORD00298,2025-06-13,CUST1125,Smartphone,Electronics,South,Hyderabad,Consumer,Online,1,26726.88,0.02,26192.34,19243.35,6948.99,2025-06
ORD00299,2025-09-22,CUST1323,Headphones,Electronics,East,Patna,Corporate,Distributor,2,3568.82,0.08,6566.63,5139.1,1427.53,2025-09
ORD00300,2025-04-05,CUST1304,Headphones,Electronics,East,Guwahati,Consumer,Retail Store,6,3267.79,0.08,18038.2,14116.85,3921.35,2025-04
ORD00301,2025-08-08,CUST1296,Backpack,Accessories,North,Jaipur,Consumer,Retail Store,5,1670.88,0.0,8354.4,4594.92,3759.48,2025-08
ORD00302,2025-02-22,CUST1271,Mouse,Accessories,North,Lucknow,Consumer,Online,4,1206.02,0.08,4438.15,2653.24,1784.91,2025-02
ORD00303,2025-11-24,CUST1089,Desk,Furniture,East,Guwahati,Corporate,Online,5,15097.52,0.1,67938.84,46802.31,21136.53,2025-11
ORD00304,2025-12-11,CUST1094,Office Chair,Furniture,West,Mumbai,Corporate,Online,2,12263.87,0.0,24527.74,15207.2,9320.54,2025-12
ORD00305,2025-07-11,CUST1326,Headphones,Electronics,South,Kochi,Corporate,Retail Store,2,3626.61,0.08,6672.96,5222.32,1450.64,2025-07
ORD00306,2025-10-03,CUST1028,Headphones,Electronics,East,Guwahati,Consumer,Online,5,3766.48,0.1,16949.16,13559.33,3389.83,2025-10
ORD00307,2025-07-03,CUST1210,Laptop,Electronics,South,Bengaluru,Corporate,Distributor,3,65169.52,0.08,179867.88,140766.16,39101.72,2025-07
ORD00308,2025-12-17,CUST1150,Keyboard,Accessories,South,Kochi,Consumer,Online,1,2137.68,0.02,2094.93,1175.72,919.21,2025-12
ORD00309,2025-01-17,CUST1282,Office Chair,Furniture,North,Lucknow,Consumer,Online,4,12566.76,0.08,46245.68,31165.56,15080.12,2025-01
ORD00310,2025-09-19,CUST1226,Smartphone,Electronics,East,Patna,Corporate,Retail Store,2,26973.33,0.0,53946.66,38841.6,15105.06,2025-09
ORD00311,2025-10-07,CUST1231,Monitor,Electronics,West,Mumbai,Corporate,Retail Store,2,17824.24,0.0,35648.48,25666.91,9981.57,2025-10
ORD00312,2025-05-15,CUST1108,Desk,Furniture,West,Mumbai,Consumer,Distributor,4,13988.3,0.02,54834.14,34690.98,20143.16,2025-05
ORD00313,2025-10-29,CUST1031,Desk,Furniture,West,Surat,Consumer,Online,1,13860.84,0.02,13583.62,8593.72,4989.9,2025-10
ORD00314,2025-10-19,CUST1264,Desk,Furniture,South,Bengaluru,Consumer,Retail Store,2,16110.36,0.05,30609.68,19976.85,10632.83,2025-10
ORD00315,2025-12-14,CUST1068,Smartphone,Electronics,North,Chandigarh,Home Office,Distributor,5,29505.19,0.02,144575.43,106218.68,38356.75,2025-12
ORD00316,2025-05-08,CUST1324,Headphones,Electronics,West,Pune,Corporate,Retail Store,3,3609.75,0.1,9746.33,7797.06,1949.27,2025-05
ORD00317,2025-05-18,CUST1143,Backpack,Accessories,South,Hyderabad,Corporate,Distributor,1,1773.78,0.1,1596.4,975.58,620.82,2025-05
ORD00318,2025-12-22,CUST1048,Desk,Furniture,South,Kochi,Consumer,Online,4,14215.91,0.15,48334.09,35255.46,13078.63,2025-12
ORD00319,2025-08-23,CUST1166,Desk,Furniture,West,Surat,Consumer,Online,1,14175.45,0.05,13466.68,8788.78,4677.9,2025-08
ORD00320,2025-05-26,CUST1025,Desk,Furniture,East,Bhubaneswar,Corporate,Online,2,14400.58,0.15,24480.99,17856.72,6624.27,2025-05
ORD00321,2025-01-24,CUST1001,Smartphone,Electronics,East,Guwahati,Consumer,Distributor,1,28220.54,0.08,25962.9,20318.79,5644.11,2025-01
ORD00322,2025-08-08,CUST1048,Monitor,Electronics,West,Pune,Home Office,Online,5,18618.04,0.05,88435.69,67024.94,21410.75,2025-08
ORD00323,2025-12-02,CUST1157,Desk,Furniture,South,Chennai,Corporate,Retail Store,1,15384.47,0.15,13076.8,9538.37,3538.43,2025-12
ORD00324,2025-12-25,CUST1304,Monitor,Electronics,South,Hyderabad,Corporate,Online,3,17366.21,0.02,51056.66,37511.01,13545.65,2025-12
ORD00325,2025-04-26,CUST1068,Mouse,Accessories,East,Kolkata,Consumer,Online,1,1287.33,0.08,1184.34,708.03,476.31,2025-04
ORD00326,2025-09-02,CUST1071,Smartphone,Electronics,North,Delhi,Corporate,Online,2,29065.78,0.05,55224.98,41854.72,13370.26,2025-09
ORD00327,2025-07-15,CUST1226,Headphones,Electronics,East,Bhubaneswar,Consumer,Retail Store,3,3530.44,0.02,10379.49,7625.75,2753.74,2025-07
ORD00328,2025-06-29,CUST1045,Monitor,Electronics,East,Bhubaneswar,Home Office,Retail Store,2,18321.76,0.02,35910.65,26383.33,9527.32,2025-06
ORD00329,2025-02-21,CUST1142,Headphones,Electronics,West,Surat,Consumer,Online,5,3454.98,0.02,16929.4,12437.93,4491.47,2025-02
ORD00330,2025-11-27,CUST1155,Smartphone,Electronics,South,Chennai,Corporate,Retail Store,5,26869.83,0.15,114196.78,96731.39,17465.39,2025-11
ORD00331,2025-04-16,CUST1254,Mouse,Accessories,East,Bhubaneswar,Corporate,Online,1,1172.35,0.02,1148.9,644.79,504.11,2025-04
ORD00332,2025-07-17,CUST1068,Smartphone,Electronics,South,Hyderabad,Corporate,Distributor,10,29155.15,0.05,276973.92,209917.08,67056.84,2025-07
ORD00333,2025-07-18,CUST1301,Printer,Electronics,South,Bengaluru,Corporate,Distributor,4,12912.24,0.0,51648.96,37187.25,14461.71,2025-07
ORD00334,2025-02-04,CUST1322,Laptop,Electronics,South,Hyderabad,Home Office,Distributor,2,61007.16,0.05,115913.6,87850.31,28063.29,2025-02
ORD00335,2025-12-31,CUST1079,Mouse,Accessories,West,Surat,Corporate,Online,3,1112.83,0.1,3004.64,1836.17,1168.47,2025-12
ORD00336,2025-05-23,CUST1325,Smartphone,Electronics,South,Bengaluru,Home Office,Online,2,25942.47,0.1,46696.45,37357.16,9339.29,2025-05
ORD00337,2025-11-29,CUST1223,Smartphone,Electronics,South,Kochi,Corporate,Retail Store,1,29592.46,0.0,29592.46,21306.57,8285.89,2025-11
ORD00338,2025-03-01,CUST1007,Keyboard,Accessories,East,Kolkata,Consumer,Retail Store,4,2271.69,0.0,9086.76,4997.72,4089.04,2025-03
ORD00339,2025-12-29,CUST1133,Headphones,Electronics,East,Bhubaneswar,Consumer,Online,3,3485.54,0.15,8888.13,7528.77,1359.36,2025-12
ORD00340,2025-03-27,CUST1220,Desk,Furniture,North,Lucknow,Corporate,Online,6,14034.8,0.05,79998.36,52209.46,27788.9,2025-03
ORD00341,2025-05-20,CUST1086,Mouse,Accessories,North,Delhi,Consumer,Online,1,1198.39,0.1,1078.55,659.11,419.44,2025-05
ORD00342,2025-07-08,CUST1261,Headphones,Electronics,South,Hyderabad,Home Office,Retail Store,1,3485.14,0.15,2962.37,2509.3,453.07,2025-07
ORD00343,2025-01-02,CUST1092,Laptop,Electronics,West,Mumbai,Consumer,Online,2,61601.3,0.02,120738.55,88705.87,32032.68,2025-01
ORD00344,2025-01-19,CUST1139,Mouse,Accessories,West,Surat,Consumer,Online,6,1187.3,0.05,6767.61,3918.09,2849.52,2025-01
ORD00345,2025-02-09,CUST1036,Printer,Electronics,South,Hyderabad,Consumer,Retail Store,10,13772.65,0.08,126708.38,99163.08,27545.3,2025-02
ORD00346,2025-08-27,CUST1150,Office Chair,Furniture,West,Ahmedabad,Consumer,Retail Store,1,12222.43,0.02,11977.98,7577.91,4400.07,2025-08
ORD00347,2025-10-16,CUST1280,Office Chair,Furniture,West,Pune,Consumer,Retail Store,3,12259.38,0.02,36042.58,22802.45,13240.13,2025-10
ORD00348,2025-05-06,CUST1005,Headphones,Electronics,North,Chandigarh,Consumer,Online,3,3245.37,0.15,8275.69,7010.0,1265.69,2025-05
ORD00349,2025-06-21,CUST1122,Laptop,Electronics,West,Surat,Home Office,Retail Store,1,63695.97,0.1,57326.37,45861.1,11465.27,2025-06
ORD00350,2025-08-03,CUST1212,Keyboard,Accessories,West,Pune,Corporate,Online,6,2244.3,0.1,12119.22,7406.19,4713.03,2025-08
ORD00351,2025-12-25,CUST1039,Desk,Furniture,South,Hyderabad,Corporate,Online,3,15007.53,0.08,41420.78,27914.01,13506.77,2025-12
ORD00352,2025-10-31,CUST1168,Printer,Electronics,North,Jaipur,Consumer,Online,2,14798.54,0.08,27229.31,21309.9,5919.41,2025-10
ORD00353,2025-06-12,CUST1080,Keyboard,Accessories,South,Hyderabad,Home Office,Online,4,2255.86,0.0,9023.44,4962.89,4060.55,2025-06
ORD00354,2025-02-24,CUST1232,Headphones,Electronics,South,Chennai,Consumer,Online,8,3311.24,0.02,25960.12,19072.74,6887.38,2025-02
ORD00355,2025-06-07,CUST1309,Keyboard,Accessories,South,Hyderabad,Consumer,Retail Store,2,2048.84,0.15,3483.03,2253.72,1229.31,2025-06
ORD00356,2025-01-21,CUST1263,Monitor,Electronics,West,Ahmedabad,Consumer,Retail Store,8,18410.17,0.08,135498.85,106042.58,29456.27,2025-01
ORD00357,2025-01-26,CUST1282,Office Chair,Furniture,South,Bengaluru,Consumer,Online,2,11090.9,0.15,18854.53,13752.72,5101.81,2025-01
ORD00358,2025-05-08,CUST1067,Smartphone,Electronics,South,Bengaluru,Consumer,Online,4,28384.27,0.02,111266.34,81746.7,29519.64,2025-05
ORD00359,2025-04-12,CUST1034,Backpack,Accessories,South,Hyderabad,Corporate,Online,5,1926.79,0.0,9633.95,5298.67,4335.28,2025-04
ORD00360,2025-04-12,CUST1237,Keyboard,Accessories,West,Mumbai,Home Office,Retail Store,2,2226.57,0.0,4453.14,2449.23,2003.91,2025-04
ORD00361,2025-01-26,CUST1219,Headphones,Electronics,West,Surat,Home Office,Online,1,3437.38,0.15,2921.77,2474.91,446.86,2025-01
ORD00362,2025-03-30,CUST1318,Desk,Furniture,North,Jaipur,Consumer,Online,1,15343.89,0.1,13809.5,9513.21,4296.29,2025-03
ORD00363,2025-11-12,CUST1197,Monitor,Electronics,East,Guwahati,Consumer,Retail Store,1,17879.77,0.05,16985.78,12873.43,4112.35,2025-11
ORD00364,2025-03-12,CUST1184,Backpack,Accessories,North,Jaipur,Corporate,Retail Store,5,1813.14,0.08,8340.44,4986.14,3354.3,2025-03
ORD00365,2025-09-03,CUST1014,Mouse,Accessories,West,Ahmedabad,Home Office,Online,2,1284.76,0.02,2518.13,1413.24,1104.89,2025-09
ORD00366,2025-06-13,CUST1120,Printer,Electronics,North,Lucknow,Consumer,Distributor,3,13744.87,0.1,37111.15,29688.92,7422.23,2025-06
ORD00367,2025-03-23,CUST1113,Smartphone,Electronics,South,Bengaluru,Consumer,Retail Store,6,30066.13,0.0,180396.78,129885.68,50511.1,2025-03
ORD00368,2025-10-22,CUST1184,Backpack,Accessories,South,Bengaluru,Consumer,Retail Store,5,1916.74,0.15,8146.15,5271.04,2875.11,2025-10
ORD00369,2025-10-30,CUST1253,Laptop,Electronics,East,Patna,Home Office,Retail Store,3,61836.23,0.02,181798.52,133566.26,48232.26,2025-10
ORD00370,2025-10-05,CUST1245,Office Chair,Furniture,North,Delhi,Consumer,Online,2,11173.17,0.1,20111.71,13854.73,6256.98,2025-10
ORD00371,2025-01-01,CUST1031,Desk,Furniture,West,Pune,Corporate,Online,1,14041.87,0.05,13339.78,8705.96,4633.82,2025-01
ORD00372,2025-01-12,CUST1192,Headphones,Electronics,East,Bhubaneswar,Corporate,Retail Store,5,3230.2,0.0,16151.0,11628.72,4522.28,2025-01
ORD00373,2025-12-27,CUST1328,Backpack,Accessories,East,Patna,Consumer,Online,1,1683.2,0.08,1548.54,925.76,622.78,2025-12
ORD00374,2025-09-07,CUST1151,Desk,Furniture,North,Lucknow,Consumer,Retail Store,1,15439.22,0.05,14667.26,9572.32,5094.94,2025-09
ORD00375,2025-03-07,CUST1309,Headphones,Electronics,West,Surat,Home Office,Retail Store,3,3259.87,0.02,9584.02,7041.32,2542.7,2025-03
ORD00376,2025-06-12,CUST1178,Printer,Electronics,North,Delhi,Home Office,Online,4,13594.51,0.02,53290.48,39152.19,14138.29,2025-06
ORD00377,2025-06-13,CUST1229,Headphones,Electronics,East,Kolkata,Home Office,Retail Store,4,3693.13,0.05,14033.89,10636.21,3397.68,2025-06
ORD00378,2025-01-06,CUST1198,Office Chair,Furniture,North,Delhi,Consumer,Retail Store,4,11084.68,0.0,44338.72,27490.01,16848.71,2025-01
ORD00379,2025-08-13,CUST1246,Backpack,Accessories,West,Surat,Consumer,Online,3,1890.57,0.0,5671.71,3119.44,2552.27,2025-08
ORD00380,2025-10-23,CUST1054,Monitor,Electronics,North,Delhi,Corporate,Online,1,17371.74,0.05,16503.15,12507.65,3995.5,2025-10
ORD00381,2025-02-07,CUST1174,Desk,Furniture,North,Chandigarh,Consumer,Online,6,14083.6,0.0,84501.6,52390.99,32110.61,2025-02
ORD00382,2025-11-01,CUST1081,Printer,Electronics,West,Mumbai,Consumer,Retail Store,3,14440.69,0.08,39856.3,31191.89,8664.41,2025-11
ORD00383,2025-01-28,CUST1136,Smartphone,Electronics,South,Bengaluru,Consumer,Retail Store,6,28577.66,0.1,154319.36,123455.49,30863.87,2025-01
ORD00384,2025-12-05,CUST1028,Office Chair,Furniture,South,Hyderabad,Consumer,Retail Store,5,12724.75,0.02,62351.28,39446.72,22904.56,2025-12
ORD00385,2025-07-04,CUST1014,Laptop,Electronics,South,Chennai,Home Office,Retail Store,3,67444.74,0.0,202334.22,145680.64,56653.58,2025-07
ORD00386,2025-04-16,CUST1251,Headphones,Electronics,East,Kolkata,Consumer,Online,4,3669.95,0.08,13505.42,10569.46,2935.96,2025-04
ORD00387,2025-12-05,CUST1023,Office Chair,Furniture,North,Chandigarh,Consumer,Distributor,2,11581.51,0.08,21309.98,14361.07,6948.91,2025-12
ORD00388,2025-05-15,CUST1342,Keyboard,Accessories,South,Bengaluru,Home Office,Retail Store,1,2086.46,0.15,1773.49,1147.55,625.94,2025-05
ORD00389,2025-02-19,CUST1268,Smartphone,Electronics,East,Guwahati,Home Office,Retail Store,3,29122.75,0.08,80378.79,62905.14,17473.65,2025-02
ORD00390,2025-08-03,CUST1018,Mouse,Accessories,East,Guwahati,Corporate,Online,2,1258.91,0.08,2316.39,1384.8,931.59,2025-08
ORD00391,2025-09-15,CUST1109,Printer,Electronics,West,Pune,Consumer,Retail Store,1,15098.73,0.02,14796.76,10871.09,3925.67,2025-09
ORD00392,2025-04-09,CUST1076,Headphones,Electronics,North,Delhi,Home Office,Online,10,3451.07,0.15,29334.1,24847.7,4486.4,2025-04
ORD00393,2025-11-01,CUST1267,Office Chair,Furniture,South,Hyderabad,Consumer,Retail Store,3,11754.27,0.05,33499.67,21862.94,11636.73,2025-11
ORD00394,2025-08-23,CUST1052,Laptop,Electronics,West,Surat,Consumer,Online,3,67874.69,0.1,183261.66,146609.33,36652.33,2025-08
ORD00395,2025-02-24,CUST1197,Printer,Electronics,West,Ahmedabad,Home Office,Distributor,5,13643.4,0.05,64806.15,49116.24,15689.91,2025-02
ORD00396,2025-12-02,CUST1349,Keyboard,Accessories,East,Guwahati,Consumer,Online,1,2351.63,0.1,2116.47,1293.4,823.07,2025-12
ORD00397,2025-12-22,CUST1191,Backpack,Accessories,North,Lucknow,Corporate,Online,3,1903.22,0.05,5424.18,3140.31,2283.87,2025-12
ORD00398,2025-01-11,CUST1051,Desk,Furniture,West,Ahmedabad,Consumer,Retail Store,5,14829.59,0.15,63025.76,45971.73,17054.03,2025-01
ORD00399,2025-04-27,CUST1331,Headphones,Electronics,South,Kochi,Corporate,Online,4,3640.49,0.1,13105.76,10484.61,2621.15,2025-04
ORD00400,2025-02-15,CUST1264,Monitor,Electronics,South,Kochi,Corporate,Retail Store,5,18733.08,0.0,93665.4,67439.09,26226.31,2025-02
ORD00401,2025-03-23,CUST1089,Smartphone,Electronics,South,Kochi,Consumer,Distributor,5,26221.99,0.0,131109.95,94399.16,36710.79,2025-03
ORD00402,2025-04-09,CUST1141,Monitor,Electronics,West,Pune,Consumer,Online,2,19159.35,0.02,37552.33,27589.46,9962.87,2025-04
ORD00403,2025-07-08,CUST1091,Keyboard,Accessories,South,Hyderabad,Corporate,Online,3,2201.85,0.08,6077.11,3633.05,2444.06,2025-07
ORD00404,2025-08-31,CUST1047,Printer,Electronics,East,Patna,Consumer,Distributor,4,14731.26,0.15,50086.28,42426.03,7660.25,2025-08
ORD00405,2025-05-26,CUST1332,Laptop,Electronics,South,Bengaluru,Home Office,Retail Store,2,63128.52,0.02,123731.9,90905.07,32826.83,2025-05
ORD00406,2025-04-26,CUST1005,Monitor,Electronics,South,Kochi,Consumer,Distributor,8,19139.11,0.15,130145.95,110241.27,19904.68,2025-04
ORD00407,2025-08-31,CUST1330,Headphones,Electronics,East,Kolkata,Consumer,Retail Store,6,3437.95,0.15,17533.54,14851.94,2681.6,2025-08
ORD00408,2025-05-21,CUST1320,Backpack,Accessories,West,Ahmedabad,Consumer,Online,2,1659.12,0.1,2986.42,1825.03,1161.39,2025-05
ORD00409,2025-07-23,CUST1056,Printer,Electronics,North,Lucknow,Corporate,Retail Store,2,14908.06,0.15,25343.7,21467.61,3876.09,2025-07
ORD00410,2025-09-04,CUST1334,Smartphone,Electronics,South,Chennai,Corporate,Distributor,2,26168.96,0.15,44487.23,37683.3,6803.93,2025-09
ORD00411,2025-06-02,CUST1207,Monitor,Electronics,North,Jaipur,Home Office,Retail Store,5,17479.62,0.1,78658.29,62926.63,15731.66,2025-06
ORD00412,2025-12-05,CUST1208,Desk,Furniture,East,Kolkata,Corporate,Distributor,2,16080.15,0.08,29587.48,19939.39,9648.09,2025-12
ORD00413,2025-07-18,CUST1244,Laptop,Electronics,East,Bhubaneswar,Consumer,Retail Store,4,69686.31,0.15,236933.45,200696.57,36236.88,2025-07
ORD00414,2025-12-10,CUST1242,Desk,Furniture,South,Bengaluru,Home Office,Distributor,1,15176.25,0.0,15176.25,9409.27,5766.98,2025-12
ORD00415,2025-03-07,CUST1182,Office Chair,Furniture,West,Pune,Home Office,Distributor,3,12253.13,0.02,36024.2,22790.82,13233.38,2025-03
ORD00416,2025-04-25,CUST1241,Office Chair,Furniture,South,Chennai,Consumer,Retail Store,2,11901.02,0.0,23802.04,14757.26,9044.78,2025-04
ORD00417,2025-01-28,CUST1196,Printer,Electronics,East,Kolkata,Consumer,Online,1,13536.79,0.15,11506.27,9746.49,1759.78,2025-01
ORD00418,2025-09-29,CUST1235,Office Chair,Furniture,South,Bengaluru,Consumer,Online,2,11671.04,0.1,21007.87,14472.09,6535.78,2025-09
ORD00419,2025-03-15,CUST1161,Desk,Furniture,West,Pune,Corporate,Online,3,15414.04,0.02,45317.28,28670.11,16647.17,2025-03
ORD00420,2025-11-21,CUST1251,Laptop,Electronics,North,Lucknow,Consumer,Retail Store,3,67624.7,0.02,198816.62,146069.35,52747.27,2025-11
ORD00421,2025-02-15,CUST1274,Headphones,Electronics,East,Guwahati,Consumer,Distributor,2,3663.28,0.0,7326.56,5275.12,2051.44,2025-02
ORD00422,2025-04-13,CUST1321,Desk,Furniture,West,Ahmedabad,Corporate,Online,1,15695.08,0.0,15695.08,9730.95,5964.13,2025-04
ORD00423,2025-05-08,CUST1086,Monitor,Electronics,East,Patna,Consumer,Online,3,16822.67,0.05,47944.61,36336.97,11607.64,2025-05
ORD00424,2025-02-03,CUST1069,Laptop,Electronics,South,Chennai,Consumer,Online,3,64941.97,0.08,179239.84,140274.66,38965.18,2025-02
ORD00425,2025-06-25,CUST1117,Keyboard,Accessories,South,Bengaluru,Consumer,Distributor,5,2044.26,0.0,10221.3,5621.72,4599.58,2025-06
ORD00426,2025-04-25,CUST1020,Headphones,Electronics,North,Delhi,Corporate,Online,2,3527.74,0.15,5997.16,5079.95,917.21,2025-04
ORD00427,2025-07-12,CUST1025,Office Chair,Furniture,West,Mumbai,Corporate,Online,1,11887.74,0.0,11887.74,7370.4,4517.34,2025-07
ORD00428,2025-12-20,CUST1323,Smartphone,Electronics,South,Kochi,Consumer,Online,4,29736.91,0.02,116568.69,85642.3,30926.39,2025-12
ORD00429,2025-01-05,CUST1215,Office Chair,Furniture,South,Hyderabad,Corporate,Online,3,11713.76,0.02,34438.45,21787.59,12650.86,2025-01
ORD00430,2025-02-23,CUST1103,Mouse,Accessories,West,Mumbai,Consumer,Retail Store,3,1126.48,0.1,3041.5,1858.69,1182.81,2025-02
ORD00431,2025-05-15,CUST1107,Mouse,Accessories,West,Ahmedabad,Corporate,Online,1,1131.45,0.08,1040.93,622.3,418.63,2025-05
ORD00432,2025-12-19,CUST1343,Keyboard,Accessories,South,Hyderabad,Consumer,Online,1,2292.05,0.1,2062.85,1260.63,802.22,2025-12
ORD00433,2025-09-10,CUST1234,Headphones,Electronics,West,Mumbai,Corporate,Online,2,3566.2,0.02,6989.75,5135.33,1854.42,2025-09
ORD00434,2025-06-01,CUST1347,Office Chair,Furniture,South,Hyderabad,Corporate,Distributor,5,11234.16,0.05,53362.26,34825.9,18536.36,2025-06
ORD00435,2025-06-10,CUST1340,Backpack,Accessories,West,Mumbai,Home Office,Distributor,1,1680.22,0.02,1646.62,924.12,722.5,2025-06
ORD00436,2025-11-28,CUST1176,Headphones,Electronics,South,Kochi,Home Office,Online,4,3612.54,0.05,13727.65,10404.12,3323.53,2025-11
ORD00437,2025-04-04,CUST1333,Smartphone,Electronics,South,Kochi,Consumer,Online,5,26085.98,0.08,119995.51,93909.53,26085.98,2025-04
ORD00438,2025-03-27,CUST1248,Smartphone,Electronics,North,Delhi,Home Office,Retail Store,1,29441.93,0.1,26497.74,21198.19,5299.55,2025-03
ORD00439,2025-10-19,CUST1067,Keyboard,Accessories,North,Chandigarh,Corporate,Retail Store,5,2272.6,0.15,9658.55,6249.65,3408.9,2025-10
ORD00440,2025-09-05,CUST1348,Keyboard,Accessories,North,Chandigarh,Consumer,Online,3,2052.63,0.0,6157.89,3386.84,2771.05,2025-09
ORD00441,2025-09-26,CUST1317,Printer,Electronics,West,Pune,Home Office,Retail Store,2,13070.04,0.1,23526.07,18820.86,4705.21,2025-09
ORD00442,2025-02-18,CUST1286,Backpack,Accessories,East,Bhubaneswar,Consumer,Retail Store,3,1940.15,0.02,5704.04,3201.25,2502.79,2025-02
ORD00443,2025-11-10,CUST1039,Laptop,Electronics,North,Jaipur,Consumer,Online,3,63692.42,0.02,187255.71,137575.63,49680.08,2025-11
ORD00444,2025-09-09,CUST1121,Desk,Furniture,South,Chennai,Consumer,Online,3,14689.54,0.08,40543.13,27322.54,13220.59,2025-09
ORD00445,2025-02-10,CUST1335,Keyboard,Accessories,South,Kochi,Consumer,Online,2,2310.11,0.08,4250.6,2541.12,1709.48,2025-02
ORD00446,2025-01-10,CUST1317,Smartphone,Electronics,South,Hyderabad,Corporate,Online,1,30003.67,0.1,27003.3,21602.64,5400.66,2025-01
ORD00447,2025-11-23,CUST1115,Office Chair,Furniture,West,Pune,Corporate,Online,2,12933.12,0.0,25866.24,16037.07,9829.17,2025-11
ORD00448,2025-08-21,CUST1338,Desk,Furniture,East,Guwahati,Corporate,Online,2,15608.11,0.0,31216.22,19354.06,11862.16,2025-08
ORD00449,2025-04-24,CUST1253,Laptop,Electronics,South,Chennai,Corporate,Online,1,63713.1,0.02,62438.84,45873.43,16565.41,2025-04
ORD00450,2025-03-13,CUST1098,Backpack,Accessories,North,Jaipur,Consumer,Distributor,2,1680.05,0.08,3091.29,1848.06,1243.23,2025-03
ORD00451,2025-06-23,CUST1235,Smartphone,Electronics,West,Mumbai,Home Office,Retail Store,3,29241.62,0.08,80706.87,63161.9,17544.97,2025-06
ORD00452,2025-12-04,CUST1222,Printer,Electronics,West,Pune,Home Office,Online,4,14130.83,0.1,50870.99,40696.79,10174.2,2025-12
ORD00453,2025-10-27,CUST1199,Keyboard,Accessories,West,Pune,Corporate,Online,5,2173.33,0.0,10866.65,5976.66,4889.99,2025-10
ORD00454,2025-12-03,CUST1128,Printer,Electronics,East,Patna,Consumer,Online,10,14910.23,0.15,126736.95,107353.66,19383.29,2025-12
ORD00455,2025-05-21,CUST1263,Backpack,Accessories,West,Ahmedabad,Consumer,Online,2,1688.02,0.15,2869.63,1856.82,1012.81,2025-05
ORD00456,2025-06-03,CUST1345,Mouse,Accessories,West,Pune,Consumer,Retail Store,2,1198.58,0.05,2277.3,1318.44,958.86,2025-06
ORD00457,2025-03-09,CUST1293,Headphones,Electronics,South,Chennai,Corporate,Retail Store,3,3226.36,0.1,8711.17,6968.94,1742.23,2025-03
ORD00458,2025-12-08,CUST1013,Backpack,Accessories,East,Patna,Home Office,Online,1,1790.97,0.0,1790.97,985.03,805.94,2025-12
ORD00459,2025-07-15,CUST1350,Headphones,Electronics,North,Delhi,Consumer,Retail Store,1,3251.53,0.05,3088.95,2341.1,747.85,2025-07
ORD00460,2025-05-09,CUST1053,Headphones,Electronics,West,Ahmedabad,Consumer,Online,2,3286.54,0.08,6047.23,4732.62,1314.61,2025-05
ORD00461,2025-11-12,CUST1341,Mouse,Accessories,West,Surat,Consumer,Retail Store,5,1126.57,0.05,5351.21,3098.07,2253.14,2025-11
ORD00462,2025-01-25,CUST1318,Backpack,Accessories,South,Chennai,Home Office,Online,4,1842.97,0.02,7224.44,4054.53,3169.91,2025-01
ORD00463,2025-08-15,CUST1100,Monitor,Electronics,West,Ahmedabad,Corporate,Online,3,18708.61,0.15,47706.96,40410.6,7296.36,2025-08
ORD00464,2025-05-31,CUST1021,Keyboard,Accessories,North,Delhi,Consumer,Online,3,2229.35,0.08,6153.01,3678.43,2474.58,2025-05
ORD00465,2025-08-08,CUST1080,Office Chair,Furniture,East,Bhubaneswar,Consumer,Retail Store,1,12887.37,0.08,11856.38,7990.17,3866.21,2025-08
ORD00466,2025-01-21,CUST1252,Headphones,Electronics,West,Mumbai,Corporate,Retail Store,5,3429.93,0.05,16292.17,12347.75,3944.42,2025-01
ORD00467,2025-10-21,CUST1082,Mouse,Accessories,South,Chennai,Corporate,Distributor,3,1158.86,0.1,3128.92,1912.12,1216.8,2025-10
ORD00468,2025-08-01,CUST1185,Mouse,Accessories,South,Hyderabad,Consumer,Distributor,4,1270.77,0.05,4828.93,2795.69,2033.24,2025-08
ORD00469,2025-05-31,CUST1059,Monitor,Electronics,West,Surat,Home Office,Retail Store,10,17203.96,0.0,172039.6,123868.51,48171.09,2025-05
ORD00470,2025-12-09,CUST1198,Desk,Furniture,South,Bengaluru,Home Office,Retail Store,2,16111.73,0.0,32223.46,19978.55,12244.91,2025-12
ORD00471,2025-05-12,CUST1229,Mouse,Accessories,West,Mumbai,Home Office,Retail Store,2,1106.33,0.1,1991.39,1216.96,774.43,2025-05
ORD00472,2025-09-07,CUST1274,Laptop,Electronics,South,Bengaluru,Consumer,Online,1,69886.74,0.1,62898.07,50318.45,12579.62,2025-09
ORD00473,2025-01-04,CUST1223,Smartphone,Electronics,North,Jaipur,Home Office,Online,1,25953.36,0.1,23358.02,18686.42,4671.6,2025-01
ORD00474,2025-11-28,CUST1028,Smartphone,Electronics,West,Pune,Consumer,Retail Store,1,29752.32,0.0,29752.32,21421.67,8330.65,2025-11
ORD00475,2025-04-02,CUST1222,Office Chair,Furniture,East,Bhubaneswar,Home Office,Online,2,12053.19,0.08,22177.87,14945.96,7231.91,2025-04
ORD00476,2025-06-11,CUST1300,Laptop,Electronics,South,Hyderabad,Corporate,Retail Store,3,70126.83,0.15,178823.42,151473.95,27349.47,2025-06
ORD00477,2025-01-24,CUST1225,Smartphone,Electronics,South,Hyderabad,Consumer,Retail Store,3,26090.61,0.05,74358.24,56355.72,18002.52,2025-01
ORD00478,2025-07-15,CUST1280,Backpack,Accessories,West,Mumbai,Consumer,Online,1,1815.51,0.08,1670.27,998.53,671.74,2025-07
ORD00479,2025-06-01,CUST1064,Headphones,Electronics,South,Chennai,Home Office,Online,5,3762.81,0.02,18437.77,13546.12,4891.65,2025-06
ORD00480,2025-01-22,CUST1177,Laptop,Electronics,East,Guwahati,Corporate,Distributor,2,65240.22,0.15,110908.37,93945.92,16962.45,2025-01
ORD00481,2025-04-19,CUST1059,Backpack,Accessories,West,Pune,Consumer,Online,5,1837.27,0.02,9002.62,5052.49,3950.13,2025-04
ORD00482,2025-04-03,CUST1051,Printer,Electronics,West,Surat,Corporate,Online,4,14438.48,0.05,54866.22,41582.82,13283.4,2025-04
ORD00483,2025-04-12,CUST1318,Printer,Electronics,South,Chennai,Consumer,Retail Store,2,13898.17,0.05,26406.52,20013.36,6393.16,2025-04
ORD00484,2025-02-05,CUST1290,Monitor,Electronics,South,Kochi,Consumer,Retail Store,4,18367.37,0.02,72000.09,52898.03,19102.06,2025-02
ORD00485,2025-10-18,CUST1329,Desk,Furniture,West,Surat,Consumer,Online,4,15202.35,0.15,51687.99,37701.83,13986.16,2025-10
ORD00486,2025-08-12,CUST1184,Office Chair,Furniture,West,Pune,Corporate,Online,3,12770.22,0.08,35245.81,23752.61,11493.2,2025-08
ORD00487,2025-06-06,CUST1276,Keyboard,Accessories,East,Bhubaneswar,Corporate,Online,2,2040.0,0.02,3998.4,2244.0,1754.4,2025-06
ORD00488,2025-04-11,CUST1016,Office Chair,Furniture,West,Mumbai,Corporate,Distributor,5,11579.45,0.15,49212.66,35896.29,13316.37,2025-04
ORD00489,2025-10-25,CUST1242,Printer,Electronics,South,Bengaluru,Home Office,Retail Store,3,15008.92,0.1,40524.08,32419.27,8104.81,2025-10
ORD00490,2025-12-01,CUST1238,Headphones,Electronics,South,Bengaluru,Home Office,Retail Store,5,3718.55,0.02,18220.9,13386.78,4834.12,2025-12
ORD00491,2025-09-14,CUST1085,Mouse,Accessories,North,Lucknow,Consumer,Retail Store,5,1191.49,0.1,5361.7,3276.6,2085.1,2025-09
ORD00492,2025-09-21,CUST1248,Headphones,Electronics,South,Bengaluru,Corporate,Retail Store,5,3567.27,0.02,17479.62,12842.17,4637.45,2025-09
ORD00493,2025-07-03,CUST1106,Laptop,Electronics,North,Chandigarh,Consumer,Online,2,62684.76,0.15,106564.09,90266.05,16298.04,2025-07
ORD00494,2025-09-23,CUST1267,Desk,Furniture,South,Kochi,Home Office,Online,3,14251.49,0.0,42754.47,26507.77,16246.7,2025-09
ORD00495,2025-11-21,CUST1188,Office Chair,Furniture,West,Ahmedabad,Corporate,Retail Store,2,11930.3,0.08,21951.75,14793.57,7158.18,2025-11
ORD00496,2025-10-28,CUST1250,Smartphone,Electronics,South,Kochi,Home Office,Online,2,27343.02,0.05,51951.74,39373.95,12577.79,2025-10
ORD00497,2025-09-04,CUST1109,Printer,Electronics,North,Jaipur,Consumer,Online,3,14187.39,0.05,40434.06,30644.76,9789.3,2025-09
ORD00498,2025-03-18,CUST1247,Headphones,Electronics,North,Delhi,Corporate,Online,2,3263.53,0.0,6527.06,4699.48,1827.58,2025-03
ORD00499,2025-12-12,CUST1294,Keyboard,Accessories,South,Bengaluru,Corporate,Online,2,2366.99,0.02,4639.3,2603.69,2035.61,2025-12
ORD00500,2025-10-31,CUST1265,Headphones,Electronics,North,Delhi,Home Office,Online,1,3772.28,0.02,3696.83,2716.04,980.79,2025-10
ORD00501,2025-07-27,CUST1111,Printer,Electronics,West,Mumbai,Home Office,Retail Store,5,14443.88,0.0,72219.4,51997.97,20221.43,2025-07
ORD00502,2025-08-18,CUST1094,Printer,Electronics,West,Surat,Consumer,Retail Store,3,14080.86,0.1,38018.32,30414.66,7603.66,2025-08
ORD00503,2025-11-16,CUST1198,Mouse,Accessories,South,Chennai,Home Office,Retail Store,1,1163.43,0.08,1070.36,639.89,430.47,2025-11
ORD00504,2025-03-09,CUST1308,Smartphone,Electronics,North,Chandigarh,Home Office,Retail Store,1,29405.8,0.1,26465.22,21172.18,5293.04,2025-03
ORD00505,2025-01-20,CUST1001,Mouse,Accessories,South,Hyderabad,Consumer,Retail Store,6,1235.47,0.1,6671.54,4077.05,2594.49,2025-01
ORD00506,2025-12-14,CUST1196,Backpack,Accessories,South,Chennai,Home Office,Retail Store,2,1702.83,0.08,3133.21,1873.11,1260.1,2025-12
ORD00507,2025-06-29,CUST1146,Printer,Electronics,West,Mumbai,Consumer,Online,4,14920.48,0.0,59681.92,42970.98,16710.94,2025-06
ORD00508,2025-11-03,CUST1061,Mouse,Accessories,South,Bengaluru,Consumer,Retail Store,1,1261.93,0.1,1135.74,694.06,441.68,2025-11
ORD00509,2025-09-24,CUST1219,Laptop,Electronics,South,Bengaluru,Corporate,Online,2,69677.92,0.02,136568.72,100336.2,36232.52,2025-09
ORD00510,2025-11-30,CUST1105,Printer,Electronics,South,Kochi,Corporate,Retail Store,10,14505.61,0.08,133451.61,104440.39,29011.22,2025-11
ORD00511,2025-07-31,CUST1296,Mouse,Accessories,West,Surat,Consumer,Retail Store,3,1221.78,0.05,3482.07,2015.94,1466.13,2025-07
ORD00512,2025-06-26,CUST1052,Backpack,Accessories,West,Mumbai,Corporate,Online,4,1776.45,0.02,6963.68,3908.19,3055.49,2025-06
ORD00513,2025-04-20,CUST1083,Mouse,Accessories,South,Chennai,Corporate,Retail Store,4,1283.08,0.0,5132.32,2822.78,2309.54,2025-04
ORD00514,2025-07-19,CUST1114,Laptop,Electronics,West,Pune,Consumer,Retail Store,1,68807.06,0.05,65366.71,49541.08,15825.63,2025-07
ORD00515,2025-07-09,CUST1306,Smartphone,Electronics,East,Guwahati,Home Office,Online,3,25962.58,0.05,73993.35,56079.17,17914.18,2025-07
ORD00516,2025-01-30,CUST1147,Headphones,Electronics,East,Guwahati,Consumer,Distributor,6,3234.77,0.1,17467.76,13974.21,3493.55,2025-01
ORD00517,2025-04-10,CUST1001,Laptop,Electronics,West,Pune,Corporate,Retail Store,2,63715.22,0.15,108315.87,91749.92,16565.95,2025-04
ORD00518,2025-03-22,CUST1008,Smartphone,Electronics,West,Surat,Consumer,Online,3,29391.28,0.1,79356.46,63485.16,15871.3,2025-03
ORD00519,2025-12-27,CUST1142,Smartphone,Electronics,West,Ahmedabad,Corporate,Retail Store,3,30183.0,0.05,86021.55,65195.28,20826.27,2025-12
ORD00520,2025-04-26,CUST1260,Printer,Electronics,West,Surat,Home Office,Retail Store,2,13216.93,0.08,24319.15,19032.38,5286.77,2025-04
ORD00521,2025-02-24,CUST1276,Mouse,Accessories,North,Lucknow,Consumer,Online,3,1218.07,0.05,3471.5,2009.82,1461.68,2025-02
ORD00522,2025-10-22,CUST1349,Office Chair,Furniture,East,Guwahati,Corporate,Retail Store,4,11771.31,0.08,43318.42,29192.85,14125.57,2025-10
ORD00523,2025-08-24,CUST1347,Printer,Electronics,West,Surat,Consumer,Online,3,15052.61,0.02,44254.67,32513.64,11741.03,2025-08
ORD00524,2025-12-26,CUST1128,Monitor,Electronics,West,Surat,Home Office,Online,1,18985.3,0.05,18036.03,13669.42,4366.61,2025-12
ORD00525,2025-05-28,CUST1112,Smartphone,Electronics,South,Chennai,Consumer,Distributor,3,29515.71,0.05,84119.77,63753.93,20365.84,2025-05
ORD00526,2025-10-21,CUST1106,Office Chair,Furniture,North,Jaipur,Consumer,Online,4,11939.89,0.05,45371.58,29610.93,15760.65,2025-10
ORD00527,2025-04-28,CUST1340,Monitor,Electronics,West,Ahmedabad,Consumer,Online,6,17754.68,0.15,90548.87,76700.22,13848.65,2025-04
ORD00528,2025-09-10,CUST1141,Printer,Electronics,North,Delhi,Home Office,Online,2,13492.43,0.1,24286.37,19429.1,4857.27,2025-09
ORD00529,2025-09-09,CUST1217,Headphones,Electronics,West,Ahmedabad,Consumer,Retail Store,1,3251.57,0.1,2926.41,2341.13,585.28,2025-09
ORD00530,2025-09-02,CUST1266,Mouse,Accessories,North,Lucknow,Consumer,Retail Store,1,1270.03,0.0,1270.03,698.52,571.51,2025-09
ORD00531,2025-08-24,CUST1314,Desk,Furniture,East,Kolkata,Corporate,Online,1,15750.96,0.05,14963.41,9765.6,5197.81,2025-08
ORD00532,2025-05-13,CUST1256,Headphones,Electronics,East,Bhubaneswar,Consumer,Distributor,2,3779.84,0.02,7408.49,5442.97,1965.52,2025-05
ORD00533,2025-08-06,CUST1068,Monitor,Electronics,South,Chennai,Consumer,Online,2,19430.31,0.1,34974.56,27979.65,6994.91,2025-08
ORD00534,2025-10-22,CUST1075,Monitor,Electronics,West,Ahmedabad,Corporate,Retail Store,5,18159.64,0.02,88982.24,65374.7,23607.54,2025-10
ORD00535,2025-03-18,CUST1265,Keyboard,Accessories,West,Pune,Consumer,Online,6,2294.68,0.15,11702.87,7572.44,4130.43,2025-03
ORD00536,2025-10-01,CUST1084,Desk,Furniture,West,Ahmedabad,Consumer,Distributor,1,16067.44,0.0,16067.44,9961.81,6105.63,2025-10
ORD00537,2025-01-31,CUST1185,Monitor,Electronics,West,Surat,Home Office,Online,4,19006.98,0.05,72226.52,54740.1,17486.42,2025-01
ORD00538,2025-07-04,CUST1311,Mouse,Accessories,East,Patna,Consumer,Online,2,1151.49,0.15,1957.53,1266.64,690.89,2025-07
ORD00539,2025-04-12,CUST1250,Printer,Electronics,East,Bhubaneswar,Home Office,Online,2,13889.22,0.1,25000.6,20000.48,5000.12,2025-04
ORD00540,2025-08-17,CUST1173,Smartphone,Electronics,South,Chennai,Consumer,Distributor,5,26338.63,0.15,111939.18,94819.07,17120.11,2025-08
ORD00541,2025-08-04,CUST1150,Printer,Electronics,East,Kolkata,Consumer,Online,2,15017.07,0.15,25529.02,21624.58,3904.44,2025-08
ORD00542,2025-12-30,CUST1301,Office Chair,Furniture,East,Guwahati,Consumer,Online,5,12203.86,0.05,57968.33,37831.97,20136.36,2025-12
ORD00543,2025-09-24,CUST1041,Keyboard,Accessories,South,Bengaluru,Home Office,Online,2,2104.48,0.05,3998.51,2314.93,1683.58,2025-09
ORD00544,2025-04-18,CUST1204,Headphones,Electronics,South,Hyderabad,Consumer,Distributor,3,3596.15,0.0,10788.45,7767.68,3020.77,2025-04
ORD00545,2025-09-26,CUST1127,Smartphone,Electronics,North,Jaipur,Consumer,Distributor,2,28529.21,0.02,55917.25,41082.06,14835.19,2025-09
ORD00546,2025-05-26,CUST1167,Keyboard,Accessories,East,Bhubaneswar,Corporate,Online,1,2150.07,0.05,2042.57,1182.54,860.03,2025-05
ORD00547,2025-09-01,CUST1091,Keyboard,Accessories,West,Ahmedabad,Corporate,Online,8,2063.97,0.1,14860.58,9081.47,5779.11,2025-09
ORD00548,2025-10-30,CUST1247,Printer,Electronics,South,Kochi,Corporate,Retail Store,2,14384.32,0.05,27330.21,20713.42,6616.79,2025-10
ORD00549,2025-10-04,CUST1001,Monitor,Electronics,West,Surat,Consumer,Online,1,18058.49,0.0,18058.49,13002.11,5056.38,2025-10
ORD00550,2025-09-25,CUST1154,Headphones,Electronics,South,Kochi,Corporate,Retail Store,3,3652.5,0.08,10080.9,7889.4,2191.5,2025-09
ORD00551,2025-01-05,CUST1224,Backpack,Accessories,West,Pune,Corporate,Online,1,1805.81,0.1,1625.23,993.2,632.03,2025-01
ORD00552,2025-07-22,CUST1123,Monitor,Electronics,North,Chandigarh,Home Office,Online,1,19014.28,0.15,16162.14,13690.28,2471.86,2025-07
ORD00553,2025-09-22,CUST1097,Printer,Electronics,West,Ahmedabad,Consumer,Retail Store,5,14116.27,0.08,64934.84,50818.57,14116.27,2025-09
ORD00554,2025-02-05,CUST1252,Headphones,Electronics,North,Delhi,Corporate,Retail Store,2,3534.13,0.1,6361.43,5089.15,1272.28,2025-02
ORD00555,2025-04-07,CUST1138,Desk,Furniture,North,Delhi,Home Office,Online,8,15903.97,0.05,120870.17,78883.69,41986.48,2025-04
ORD00556,2025-03-06,CUST1160,Keyboard,Accessories,West,Pune,Consumer,Online,2,2166.03,0.08,3985.5,2382.63,1602.87,2025-03
ORD00557,2025-09-13,CUST1137,Desk,Furniture,South,Hyderabad,Consumer,Retail Store,8,14121.64,0.0,112973.12,70043.33,42929.79,2025-09
ORD00558,2025-07-20,CUST1063,Smartphone,Electronics,East,Bhubaneswar,Consumer,Retail Store,5,25888.95,0.0,129444.75,93200.22,36244.53,2025-07
ORD00559,2025-05-08,CUST1049,Backpack,Accessories,West,Surat,Consumer,Distributor,1,1873.48,0.15,1592.46,1030.41,562.05,2025-05
ORD00560,2025-09-24,CUST1282,Monitor,Electronics,South,Chennai,Home Office,Online,4,18346.49,0.15,62378.07,52837.89,9540.18,2025-09
ORD00561,2025-09-24,CUST1058,Smartphone,Electronics,South,Chennai,Consumer,Distributor,5,28914.28,0.02,141679.97,104091.41,37588.56,2025-09
ORD00562,2025-05-01,CUST1005,Backpack,Accessories,South,Bengaluru,Corporate,Retail Store,2,1717.33,0.02,3365.97,1889.06,1476.91,2025-05
ORD00563,2025-01-22,CUST1081,Printer,Electronics,West,Surat,Corporate,Online,4,13185.47,0.02,51687.04,37974.15,13712.89,2025-01
ORD00564,2025-09-13,CUST1183,Smartphone,Electronics,East,Patna,Home Office,Distributor,3,25825.16,0.0,77475.48,55782.35,21693.13,2025-09
ORD00565,2025-11-27,CUST1178,Headphones,Electronics,East,Kolkata,Consumer,Online,10,3416.33,0.15,29038.81,24597.58,4441.23,2025-11
ORD00566,2025-08-13,CUST1225,Monitor,Electronics,North,Chandigarh,Consumer,Online,6,18258.96,0.08,100789.46,78878.71,21910.75,2025-08
ORD00567,2025-10-14,CUST1240,Office Chair,Furniture,East,Guwahati,Consumer,Online,2,11793.11,0.15,20048.29,14623.46,5424.83,2025-10
ORD00568,2025-05-21,CUST1278,Printer,Electronics,West,Pune,Consumer,Online,2,13859.94,0.05,26333.89,19958.31,6375.58,2025-05
ORD00569,2025-07-07,CUST1318,Keyboard,Accessories,North,Chandigarh,Corporate,Distributor,3,2342.26,0.05,6675.44,3864.73,2810.71,2025-07
ORD00570,2025-05-03,CUST1314,Desk,Furniture,West,Surat,Consumer,Retail Store,4,14635.81,0.02,57372.38,36296.81,21075.57,2025-05
ORD00571,2025-05-25,CUST1092,Desk,Furniture,South,Chennai,Consumer,Online,1,15033.57,0.02,14732.9,9320.81,5412.09,2025-05
ORD00572,2025-01-17,CUST1251,Monitor,Electronics,North,Jaipur,Consumer,Retail Store,5,18816.92,0.15,79971.91,67740.91,12231.0,2025-01
ORD00573,2025-09-27,CUST1107,Printer,Electronics,East,Patna,Consumer,Online,4,13768.26,0.0,55073.04,39652.59,15420.45,2025-09
ORD00574,2025-12-02,CUST1213,Keyboard,Accessories,West,Mumbai,Consumer,Retail Store,2,2242.97,0.15,3813.05,2467.27,1345.78,2025-12
ORD00575,2025-07-08,CUST1111,Laptop,Electronics,West,Ahmedabad,Corporate,Retail Store,5,68768.58,0.0,343842.9,247566.89,96276.01,2025-07
ORD00576,2025-09-23,CUST1292,Smartphone,Electronics,North,Jaipur,Corporate,Online,3,30013.85,0.02,88240.72,64829.92,23410.8,2025-09
ORD00577,2025-11-17,CUST1235,Headphones,Electronics,East,Guwahati,Corporate,Retail Store,3,3302.36,0.15,8421.02,7133.1,1287.92,2025-11
ORD00578,2025-12-26,CUST1081,Backpack,Accessories,West,Pune,Corporate,Online,3,1922.86,0.15,4903.29,3172.72,1730.57,2025-12
ORD00579,2025-10-01,CUST1212,Printer,Electronics,South,Chennai,Home Office,Retail Store,10,13982.34,0.05,132832.23,100672.85,32159.38,2025-10
ORD00580,2025-11-21,CUST1131,Backpack,Accessories,West,Ahmedabad,Corporate,Retail Store,2,1730.37,0.1,3114.67,1903.41,1211.26,2025-11
ORD00581,2025-07-04,CUST1266,Keyboard,Accessories,South,Kochi,Consumer,Online,2,2185.62,0.0,4371.24,2404.18,1967.06,2025-07
ORD00582,2025-03-11,CUST1142,Office Chair,Furniture,North,Jaipur,Consumer,Online,4,12921.66,0.15,43933.64,32045.72,11887.92,2025-03
ORD00583,2025-10-11,CUST1188,Mouse,Accessories,East,Bhubaneswar,Consumer,Online,1,1198.58,0.05,1138.65,659.22,479.43,2025-10
ORD00584,2025-10-26,CUST1040,Monitor,Electronics,South,Chennai,Consumer,Online,6,17506.8,0.15,89284.68,75629.38,13655.3,2025-10
ORD00585,2025-06-16,CUST1196,Keyboard,Accessories,North,Delhi,Corporate,Online,4,2246.96,0.1,8089.06,4943.31,3145.75,2025-06
ORD00586,2025-02-10,CUST1117,Laptop,Electronics,West,Ahmedabad,Consumer,Retail Store,2,62297.51,0.0,124595.02,89708.41,34886.61,2025-02
ORD00587,2025-12-01,CUST1077,Printer,Electronics,West,Surat,Consumer,Online,2,13049.93,0.1,23489.87,18791.9,4697.97,2025-12
ORD00588,2025-06-17,CUST1305,Mouse,Accessories,East,Bhubaneswar,Consumer,Retail Store,2,1128.74,0.08,2076.88,1241.61,835.27,2025-06
ORD00589,2025-10-22,CUST1244,Mouse,Accessories,North,Chandigarh,Consumer,Online,1,1128.58,0.0,1128.58,620.72,507.86,2025-10
ORD00590,2025-10-20,CUST1070,Laptop,Electronics,East,Patna,Consumer,Online,4,61379.79,0.02,240608.78,176773.8,63834.98,2025-10
ORD00591,2025-09-04,CUST1269,Mouse,Accessories,North,Chandigarh,Corporate,Online,3,1130.65,0.15,2883.16,1865.57,1017.59,2025-09
ORD00592,2025-05-07,CUST1212,Monitor,Electronics,North,Chandigarh,Consumer,Distributor,1,18405.72,0.15,15644.86,13252.12,2392.74,2025-05
ORD00593,2025-08-05,CUST1180,Desk,Furniture,South,Chennai,Consumer,Retail Store,4,14236.51,0.02,55807.12,35306.54,20500.58,2025-08
ORD00594,2025-11-12,CUST1080,Keyboard,Accessories,East,Guwahati,Consumer,Retail Store,1,2145.67,0.05,2038.39,1180.12,858.27,2025-11
ORD00595,2025-02-13,CUST1008,Smartphone,Electronics,West,Pune,Home Office,Distributor,5,29777.61,0.05,141443.65,107199.4,34244.25,2025-02
ORD00596,2025-06-25,CUST1280,Smartphone,Electronics,South,Kochi,Consumer,Online,3,27883.35,0.02,81977.05,60228.04,21749.01,2025-06
ORD00597,2025-09-25,CUST1270,Office Chair,Furniture,East,Bhubaneswar,Corporate,Retail Store,2,12321.71,0.15,20946.91,15278.92,5667.99,2025-09
ORD00598,2025-01-23,CUST1336,Office Chair,Furniture,North,Lucknow,Consumer,Retail Store,2,11370.85,0.08,20922.36,14099.85,6822.51,2025-01
ORD00599,2025-01-05,CUST1010,Smartphone,Electronics,South,Chennai,Corporate,Distributor,2,26621.45,0.0,53242.9,38334.89,14908.01,2025-01
ORD00600,2025-05-30,CUST1306,Backpack,Accessories,South,Kochi,Consumer,Retail Store,6,1667.77,0.08,9206.09,5503.64,3702.45,2025-05
ORD00601,2025-09-30,CUST1157,Smartphone,Electronics,North,Chandigarh,Corporate,Retail Store,1,26516.83,0.1,23865.15,19092.12,4773.03,2025-09
ORD00602,2025-06-20,CUST1121,Keyboard,Accessories,South,Bengaluru,Consumer,Retail Store,2,2122.06,0.05,4031.91,2334.27,1697.64,2025-06
ORD00603,2025-09-14,CUST1285,Office Chair,Furniture,West,Ahmedabad,Home Office,Distributor,5,11379.86,0.0,56899.3,35277.57,21621.73,2025-09
ORD00604,2025-05-24,CUST1314,Monitor,Electronics,North,Chandigarh,Corporate,Online,2,16815.46,0.15,28586.28,24214.26,4372.02,2025-05
ORD00605,2025-11-17,CUST1278,Monitor,Electronics,South,Bengaluru,Consumer,Online,3,16907.43,0.08,46664.51,36520.05,10144.46,2025-11
ORD00606,2025-03-09,CUST1070,Monitor,Electronics,East,Bhubaneswar,Home Office,Online,4,17887.04,0.1,64393.34,51514.68,12878.66,2025-03
ORD00607,2025-08-09,CUST1095,Headphones,Electronics,East,Bhubaneswar,Consumer,Retail Store,8,3335.55,0.0,26684.4,19212.77,7471.63,2025-08
ORD00608,2025-06-12,CUST1327,Headphones,Electronics,West,Ahmedabad,Home Office,Online,2,3423.99,0.08,6300.14,4930.55,1369.59,2025-06
ORD00609,2025-05-21,CUST1137,Headphones,Electronics,West,Mumbai,Consumer,Online,10,3501.91,0.1,31517.19,25213.75,6303.44,2025-05
ORD00610,2025-11-07,CUST1069,Printer,Electronics,East,Bhubaneswar,Consumer,Online,1,14426.48,0.08,13272.36,10387.07,2885.29,2025-11
ORD00611,2025-09-15,CUST1099,Printer,Electronics,South,Chennai,Consumer,Online,3,12968.06,0.02,38126.1,28011.01,10115.09,2025-09
ORD00612,2025-04-26,CUST1104,Laptop,Electronics,South,Hyderabad,Home Office,Distributor,2,68113.87,0.15,115793.58,98083.97,17709.61,2025-04
ORD00613,2025-04-15,CUST1127,Smartphone,Electronics,North,Chandigarh,Home Office,Online,2,28572.99,0.08,52574.3,41145.11,11429.19,2025-04
ORD00614,2025-08-07,CUST1305,Backpack,Accessories,West,Surat,Corporate,Online,6,1679.55,0.1,9069.57,5542.52,3527.05,2025-08
ORD00615,2025-10-02,CUST1126,Mouse,Accessories,East,Kolkata,Corporate,Online,5,1271.73,0.0,6358.65,3497.26,2861.39,2025-10
ORD00616,2025-09-23,CUST1098,Mouse,Accessories,South,Hyderabad,Corporate,Online,3,1280.81,0.0,3842.43,2113.34,1729.09,2025-09
ORD00617,2025-05-30,CUST1314,Keyboard,Accessories,South,Chennai,Corporate,Online,1,2045.5,0.05,1943.22,1125.03,818.19,2025-05
ORD00618,2025-01-28,CUST1093,Mouse,Accessories,West,Surat,Home Office,Online,4,1157.16,0.0,4628.64,2545.75,2082.89,2025-01
ORD00619,2025-10-27,CUST1104,Mouse,Accessories,North,Chandigarh,Consumer,Online,2,1258.79,0.15,2139.94,1384.67,755.27,2025-10
ORD00620,2025-08-21,CUST1325,Smartphone,Electronics,South,Bengaluru,Corporate,Online,1,29112.2,0.08,26783.22,20960.78,5822.44,2025-08
ORD00621,2025-07-05,CUST1194,Smartphone,Electronics,South,Kochi,Corporate,Distributor,3,26586.65,0.02,78164.75,57427.16,20737.59,2025-07
ORD00622,2025-10-09,CUST1084,Backpack,Accessories,North,Jaipur,Home Office,Retail Store,3,1716.29,0.02,5045.89,2831.88,2214.01,2025-10
ORD00623,2025-03-16,CUST1148,Headphones,Electronics,West,Mumbai,Consumer,Online,4,3427.46,0.08,12613.05,9871.08,2741.97,2025-03
ORD00624,2025-11-17,CUST1235,Headphones,Electronics,North,Jaipur,Home Office,Online,4,3491.33,0.0,13965.32,10055.03,3910.29,2025-11
ORD00625,2025-09-12,CUST1244,Keyboard,Accessories,East,Kolkata,Corporate,Online,2,2241.63,0.15,3810.77,2465.79,1344.98,2025-09
ORD00626,2025-08-21,CUST1107,Backpack,Accessories,South,Hyderabad,Consumer,Online,3,1762.25,0.1,4758.07,2907.71,1850.36,2025-08
ORD00627,2025-01-26,CUST1153,Headphones,Electronics,North,Lucknow,Consumer,Distributor,4,3479.02,0.1,12524.47,10019.58,2504.89,2025-01
ORD00628,2025-06-19,CUST1305,Smartphone,Electronics,North,Chandigarh,Home Office,Online,2,29108.67,0.15,49484.74,41916.48,7568.26,2025-06
ORD00629,2025-10-21,CUST1166,Mouse,Accessories,North,Chandigarh,Corporate,Online,1,1111.04,0.05,1055.49,611.07,444.42,2025-10
ORD00630,2025-07-08,CUST1141,Backpack,Accessories,West,Surat,Home Office,Online,3,1728.7,0.0,5186.1,2852.36,2333.74,2025-07
ORD00631,2025-06-18,CUST1323,Mouse,Accessories,South,Bengaluru,Corporate,Retail Store,1,1240.96,0.15,1054.82,682.53,372.29,2025-06
ORD00632,2025-09-28,CUST1320,Smartphone,Electronics,South,Chennai,Consumer,Retail Store,2,29770.53,0.1,53586.95,42869.56,10717.39,2025-09
ORD00633,2025-07-01,CUST1313,Headphones,Electronics,East,Guwahati,Consumer,Retail Store,3,3506.54,0.02,10309.23,7574.13,2735.1,2025-07
ORD00634,2025-04-30,CUST1107,Office Chair,Furniture,West,Mumbai,Consumer,Online,5,12061.66,0.15,51262.06,37391.15,13870.91,2025-04
ORD00635,2025-11-12,CUST1104,Backpack,Accessories,South,Chennai,Consumer,Retail Store,1,1686.87,0.15,1433.84,927.78,506.06,2025-11
ORD00636,2025-12-20,CUST1059,Office Chair,Furniture,South,Hyderabad,Consumer,Online,2,11899.03,0.0,23798.06,14754.8,9043.26,2025-12
ORD00637,2025-12-18,CUST1246,Desk,Furniture,South,Hyderabad,Home Office,Online,5,15078.28,0.15,64082.69,46742.67,17340.02,2025-12
ORD00638,2025-08-31,CUST1237,Laptop,Electronics,East,Guwahati,Consumer,Online,5,62321.69,0.05,296028.03,224358.08,71669.95,2025-08
ORD00639,2025-07-31,CUST1107,Laptop,Electronics,West,Ahmedabad,Corporate,Retail Store,3,62600.13,0.0,187800.39,135216.28,52584.11,2025-07
ORD00640,2025-10-23,CUST1193,Desk,Furniture,West,Ahmedabad,Consumer,Online,5,14705.48,0.05,69851.03,45586.99,24264.04,2025-10
ORD00641,2025-11-17,CUST1162,Mouse,Accessories,West,Surat,Consumer,Online,4,1107.85,0.05,4209.83,2437.27,1772.56,2025-11
ORD00642,2025-12-30,CUST1111,Laptop,Electronics,South,Hyderabad,Consumer,Online,2,63149.62,0.05,119984.28,90935.45,29048.83,2025-12
ORD00643,2025-09-26,CUST1260,Office Chair,Furniture,North,Lucknow,Corporate,Retail Store,6,11445.98,0.08,63181.81,42579.05,20602.76,2025-09
ORD00644,2025-01-13,CUST1159,Keyboard,Accessories,West,Pune,Consumer,Distributor,4,2139.28,0.1,7701.41,4706.42,2994.99,2025-01
ORD00645,2025-06-17,CUST1106,Headphones,Electronics,West,Mumbai,Home Office,Distributor,4,3287.07,0.02,12885.31,9466.76,3418.55,2025-06
ORD00646,2025-01-19,CUST1045,Keyboard,Accessories,South,Hyderabad,Consumer,Distributor,4,2337.47,0.1,8414.89,5142.43,3272.46,2025-01
ORD00647,2025-06-20,CUST1160,Keyboard,Accessories,West,Mumbai,Corporate,Retail Store,2,2232.94,0.1,4019.29,2456.23,1563.06,2025-06
ORD00648,2025-11-24,CUST1061,Monitor,Electronics,South,Bengaluru,Consumer,Online,4,18515.81,0.15,62953.75,53325.53,9628.22,2025-11
ORD00649,2025-05-20,CUST1278,Headphones,Electronics,North,Delhi,Consumer,Retail Store,3,3661.94,0.02,10766.1,7909.79,2856.31,2025-05
ORD00650,2025-06-29,CUST1037,Mouse,Accessories,South,Bengaluru,Home Office,Retail Store,3,1199.7,0.02,3527.12,1979.51,1547.61,2025-06
ORD00651,2025-06-09,CUST1055,Printer,Electronics,West,Surat,Consumer,Online,6,13074.7,0.0,78448.2,56482.7,21965.5,2025-06
ORD00652,2025-07-16,CUST1229,Laptop,Electronics,North,Chandigarh,Consumer,Retail Store,3,65385.91,0.15,166734.07,141233.57,25500.5,2025-07
ORD00653,2025-11-12,CUST1291,Desk,Furniture,South,Bengaluru,Corporate,Retail Store,3,15208.42,0.08,41975.24,28287.66,13687.58,2025-11
ORD00654,2025-03-09,CUST1241,Smartphone,Electronics,West,Surat,Consumer,Online,3,29099.57,0.08,80314.81,62855.07,17459.74,2025-03
ORD00655,2025-04-29,CUST1170,Monitor,Electronics,North,Lucknow,Home Office,Online,4,17803.18,0.15,60530.81,51273.16,9257.65,2025-04
ORD00656,2025-06-16,CUST1145,Keyboard,Accessories,South,Hyderabad,Consumer,Online,2,2068.91,0.02,4055.06,2275.8,1779.26,2025-06
ORD00657,2025-06-28,CUST1333,Printer,Electronics,East,Kolkata,Consumer,Retail Store,1,13515.66,0.1,12164.09,9731.28,2432.81,2025-06
ORD00658,2025-02-06,CUST1247,Office Chair,Furniture,South,Kochi,Corporate,Online,2,11737.12,0.02,23004.76,14554.03,8450.73,2025-02
ORD00659,2025-07-16,CUST1121,Smartphone,Electronics,South,Kochi,Corporate,Online,5,28653.71,0.1,128941.69,103153.36,25788.33,2025-07
ORD00660,2025-03-30,CUST1228,Smartphone,Electronics,West,Surat,Consumer,Retail Store,2,28317.09,0.0,56634.18,40776.61,15857.57,2025-03
ORD00661,2025-04-01,CUST1168,Office Chair,Furniture,West,Mumbai,Corporate,Retail Store,3,11723.71,0.08,32357.44,21806.1,10551.34,2025-04
ORD00662,2025-09-11,CUST1076,Laptop,Electronics,North,Jaipur,Home Office,Distributor,3,70059.76,0.0,210179.28,151329.08,58850.2,2025-09
ORD00663,2025-12-05,CUST1163,Headphones,Electronics,South,Chennai,Consumer,Retail Store,1,3559.23,0.15,3025.35,2562.65,462.7,2025-12
ORD00664,2025-06-03,CUST1046,Printer,Electronics,West,Ahmedabad,Home Office,Distributor,4,13411.39,0.05,50963.28,38624.8,12338.48,2025-06
ORD00665,2025-10-26,CUST1028,Laptop,Electronics,East,Guwahati,Home Office,Distributor,1,60858.54,0.1,54772.69,43818.15,10954.54,2025-10
ORD00666,2025-01-01,CUST1303,Mouse,Accessories,West,Ahmedabad,Consumer,Online,1,1133.35,0.08,1042.68,623.34,419.34,2025-01
ORD00667,2025-07-21,CUST1072,Desk,Furniture,West,Surat,Consumer,Online,4,14390.3,0.08,52956.3,35687.94,17268.36,2025-07
ORD00668,2025-04-07,CUST1065,Mouse,Accessories,South,Chennai,Home Office,Online,10,1134.85,0.15,9646.23,6241.68,3404.55,2025-04
ORD00669,2025-03-10,CUST1044,Laptop,Electronics,North,Delhi,Consumer,Distributor,3,61740.3,0.02,181516.48,133359.05,48157.43,2025-03
ORD00670,2025-03-12,CUST1197,Backpack,Accessories,West,Surat,Corporate,Online,2,1738.11,0.08,3198.12,1911.92,1286.2,2025-03
ORD00671,2025-07-01,CUST1138,Monitor,Electronics,North,Delhi,Corporate,Retail Store,2,17059.32,0.1,30706.78,24565.42,6141.36,2025-07
ORD00672,2025-07-30,CUST1298,Mouse,Accessories,East,Kolkata,Home Office,Retail Store,4,1276.18,0.0,5104.72,2807.6,2297.12,2025-07
ORD00673,2025-09-04,CUST1126,Smartphone,Electronics,North,Lucknow,Consumer,Online,6,26119.45,0.0,156716.7,112836.02,43880.68,2025-09
ORD00674,2025-08-30,CUST1241,Smartphone,Electronics,East,Patna,Corporate,Distributor,3,28109.81,0.0,84329.43,60717.19,23612.24,2025-08
ORD00675,2025-08-21,CUST1086,Mouse,Accessories,West,Ahmedabad,Consumer,Distributor,5,1182.8,0.05,5618.3,3252.7,2365.6,2025-08
ORD00676,2025-01-19,CUST1337,Printer,Electronics,West,Ahmedabad,Consumer,Online,1,15080.53,0.0,15080.53,10857.98,4222.55,2025-01
ORD00677,2025-05-30,CUST1130,Printer,Electronics,North,Chandigarh,Consumer,Online,5,13130.97,0.05,62372.11,47271.49,15100.62,2025-05
ORD00678,2025-03-09,CUST1078,Printer,Electronics,South,Chennai,Consumer,Online,1,13771.2,0.1,12394.08,9915.26,2478.82,2025-03
ORD00679,2025-12-04,CUST1017,Keyboard,Accessories,South,Bengaluru,Consumer,Retail Store,3,2365.25,0.1,6386.18,3902.66,2483.52,2025-12
ORD00680,2025-06-25,CUST1122,Smartphone,Electronics,West,Pune,Home Office,Retail Store,2,29637.47,0.08,54532.94,42677.96,11854.98,2025-06
ORD00681,2025-12-05,CUST1136,Keyboard,Accessories,West,Pune,Consumer,Retail Store,2,2311.61,0.15,3929.74,2542.77,1386.97,2025-12
ORD00682,2025-03-01,CUST1120,Laptop,Electronics,North,Chandigarh,Consumer,Online,8,62482.19,0.1,449871.77,359897.41,89974.36,2025-03
ORD00683,2025-07-14,CUST1196,Backpack,Accessories,South,Bengaluru,Corporate,Online,2,1705.22,0.08,3137.6,1875.74,1261.86,2025-07
ORD00684,2025-12-14,CUST1313,Desk,Furniture,West,Mumbai,Consumer,Online,2,15404.74,0.08,28344.72,19101.88,9242.84,2025-12
ORD00685,2025-11-30,CUST1346,Office Chair,Furniture,South,Chennai,Corporate,Online,3,12824.4,0.08,35395.34,23853.38,11541.96,2025-11
ORD00686,2025-05-04,CUST1345,Printer,Electronics,West,Ahmedabad,Corporate,Distributor,2,14127.15,0.0,28254.3,20343.1,7911.2,2025-05
ORD00687,2025-01-05,CUST1146,Smartphone,Electronics,North,Delhi,Corporate,Retail Store,2,28320.82,0.15,48145.39,40781.98,7363.41,2025-01
ORD00688,2025-05-09,CUST1307,Monitor,Electronics,North,Delhi,Consumer,Retail Store,6,17366.34,0.02,102114.08,75022.59,27091.49,2025-05
ORD00689,2025-11-23,CUST1290,Smartphone,Electronics,East,Kolkata,Consumer,Retail Store,2,29207.33,0.15,49652.46,42058.56,7593.9,2025-11
ORD00690,2025-04-05,CUST1142,Smartphone,Electronics,East,Patna,Consumer,Retail Store,1,26597.96,0.08,24470.12,19150.53,5319.59,2025-04
ORD00691,2025-08-07,CUST1133,Desk,Furniture,South,Hyderabad,Consumer,Online,2,14576.83,0.0,29153.66,18075.27,11078.39,2025-08
ORD00692,2025-05-16,CUST1252,Headphones,Electronics,South,Kochi,Home Office,Online,2,3458.24,0.15,5879.01,4979.87,899.14,2025-05
ORD00693,2025-02-25,CUST1133,Headphones,Electronics,East,Guwahati,Consumer,Retail Store,6,3504.26,0.15,17871.73,15138.4,2733.33,2025-02
ORD00694,2025-02-22,CUST1328,Laptop,Electronics,North,Lucknow,Corporate,Online,3,62321.06,0.15,158918.7,134613.49,24305.21,2025-02
ORD00695,2025-01-01,CUST1264,Laptop,Electronics,East,Patna,Consumer,Online,2,60994.3,0.0,121988.6,87831.79,34156.81,2025-01
ORD00696,2025-12-29,CUST1116,Keyboard,Accessories,South,Kochi,Home Office,Retail Store,4,2238.94,0.1,8060.18,4925.67,3134.51,2025-12
ORD00697,2025-01-02,CUST1350,Backpack,Accessories,West,Surat,Consumer,Online,10,1739.13,0.05,16521.74,9565.22,6956.52,2025-01
ORD00698,2025-06-05,CUST1149,Backpack,Accessories,North,Delhi,Consumer,Distributor,2,1823.4,0.08,3355.06,2005.74,1349.32,2025-06
ORD00699,2025-11-28,CUST1055,Monitor,Electronics,North,Delhi,Home Office,Retail Store,2,17004.56,0.08,31288.39,24486.57,6801.82,2025-11
ORD00700,2025-11-19,CUST1304,Desk,Furniture,South,Kochi,Corporate,Online,1,14954.74,0.15,12711.53,9271.94,3439.59,2025-11
ORD00701,2025-05-03,CUST1019,Keyboard,Accessories,South,Chennai,Consumer,Distributor,5,2211.47,0.0,11057.35,6081.54,4975.81,2025-05
ORD00702,2025-06-23,CUST1235,Laptop,Electronics,South,Hyderabad,Consumer,Online,3,60338.96,0.1,162915.19,130332.15,32583.04,2025-06
ORD00703,2025-12-14,CUST1010,Mouse,Accessories,North,Jaipur,Home Office,Online,1,1168.63,0.15,993.34,642.75,350.59,2025-12
ORD00704,2025-08-30,CUST1234,Printer,Electronics,North,Jaipur,Consumer,Retail Store,6,13181.09,0.0,79086.54,56942.31,22144.23,2025-08
ORD00705,2025-11-09,CUST1113,Headphones,Electronics,West,Mumbai,Corporate,Online,3,3255.49,0.1,8789.82,7031.86,1757.96,2025-11
ORD00706,2025-02-02,CUST1165,Monitor,Electronics,South,Kochi,Consumer,Distributor,3,19411.09,0.02,57068.6,41927.95,15140.65,2025-02
ORD00707,2025-04-20,CUST1190,Laptop,Electronics,East,Patna,Consumer,Online,4,63152.48,0.02,247557.72,181879.14,65678.58,2025-04
ORD00708,2025-10-11,CUST1081,Headphones,Electronics,South,Hyderabad,Consumer,Retail Store,3,3673.53,0.08,10138.94,7934.82,2204.12,2025-10
ORD00709,2025-01-09,CUST1214,Keyboard,Accessories,North,Delhi,Consumer,Online,3,2113.63,0.05,6023.85,3487.49,2536.36,2025-01
ORD00710,2025-12-22,CUST1090,Keyboard,Accessories,East,Bhubaneswar,Consumer,Online,2,2263.89,0.02,4437.22,2490.28,1946.94,2025-12
ORD00711,2025-11-09,CUST1179,Laptop,Electronics,East,Guwahati,Corporate,Online,5,67706.37,0.05,321605.26,243742.93,77862.33,2025-11
ORD00712,2025-08-03,CUST1277,Laptop,Electronics,East,Bhubaneswar,Consumer,Online,1,65994.64,0.05,62694.91,47516.14,15178.77,2025-08
ORD00713,2025-09-17,CUST1243,Monitor,Electronics,South,Bengaluru,Consumer,Online,5,17918.14,0.15,76152.1,64505.3,11646.8,2025-09
ORD00714,2025-09-12,CUST1172,Headphones,Electronics,North,Delhi,Consumer,Online,1,3450.63,0.05,3278.1,2484.45,793.65,2025-09
ORD00715,2025-11-12,CUST1264,Keyboard,Accessories,North,Delhi,Home Office,Online,4,2146.8,0.08,7900.22,4722.96,3177.26,2025-11
ORD00716,2025-03-01,CUST1167,Smartphone,Electronics,West,Surat,Corporate,Online,1,29924.29,0.15,25435.65,21545.49,3890.16,2025-03
ORD00717,2025-04-28,CUST1038,Smartphone,Electronics,South,Hyderabad,Consumer,Online,1,29481.17,0.02,28891.55,21226.44,7665.11,2025-04
ORD00718,2025-08-30,CUST1192,Printer,Electronics,South,Kochi,Consumer,Distributor,2,15041.66,0.08,27676.65,21659.99,6016.66,2025-08
ORD00719,2025-03-11,CUST1292,Keyboard,Accessories,West,Ahmedabad,Home Office,Online,1,2067.75,0.15,1757.59,1137.26,620.33,2025-03
ORD00720,2025-01-31,CUST1310,Office Chair,Furniture,North,Chandigarh,Consumer,Online,2,12443.27,0.05,23642.21,15429.65,8212.56,2025-01
ORD00721,2025-03-22,CUST1303,Printer,Electronics,West,Pune,Consumer,Distributor,3,14981.88,0.02,44046.73,32360.86,11685.87,2025-03
ORD00722,2025-08-31,CUST1114,Keyboard,Accessories,South,Kochi,Corporate,Online,2,2087.79,0.1,3758.02,2296.57,1461.45,2025-08
ORD00723,2025-10-30,CUST1259,Headphones,Electronics,West,Mumbai,Consumer,Online,10,3257.24,0.15,27686.54,23452.13,4234.41,2025-10
ORD00724,2025-01-18,CUST1124,Backpack,Accessories,South,Kochi,Corporate,Retail Store,1,1869.44,0.08,1719.88,1028.19,691.69,2025-01
ORD00725,2025-02-12,CUST1047,Mouse,Accessories,West,Surat,Home Office,Online,2,1214.3,0.15,2064.31,1335.73,728.58,2025-02
ORD00726,2025-01-09,CUST1233,Keyboard,Accessories,East,Bhubaneswar,Corporate,Distributor,4,2320.32,0.0,9281.28,5104.7,4176.58,2025-01
ORD00727,2025-08-26,CUST1325,Headphones,Electronics,West,Surat,Consumer,Distributor,3,3298.27,0.15,8410.59,7124.26,1286.33,2025-08
ORD00728,2025-01-01,CUST1314,Smartphone,Electronics,South,Chennai,Corporate,Online,4,29322.8,0.15,99697.52,84449.66,15247.86,2025-01
ORD00729,2025-10-05,CUST1346,Printer,Electronics,West,Mumbai,Corporate,Online,6,13331.65,0.1,71990.91,57592.73,14398.18,2025-10
ORD00730,2025-07-06,CUST1287,Laptop,Electronics,North,Lucknow,Consumer,Online,2,61502.02,0.15,104553.43,88562.91,15990.52,2025-07
ORD00731,2025-12-27,CUST1245,Smartphone,Electronics,East,Bhubaneswar,Consumer,Online,3,26495.91,0.15,67564.57,57231.17,10333.4,2025-12
ORD00732,2025-10-25,CUST1142,Monitor,Electronics,West,Pune,Consumer,Distributor,3,18905.98,0.08,52180.5,40836.92,11343.58,2025-10
ORD00733,2025-01-28,CUST1273,Smartphone,Electronics,South,Kochi,Consumer,Online,1,28740.08,0.15,24429.07,20692.86,3736.21,2025-01
ORD00734,2025-12-14,CUST1097,Mouse,Accessories,West,Surat,Corporate,Retail Store,6,1204.43,0.0,7226.58,3974.62,3251.96,2025-12
ORD00735,2025-08-23,CUST1058,Smartphone,Electronics,North,Jaipur,Consumer,Distributor,1,27367.56,0.05,25999.18,19704.64,6294.54,2025-08
ORD00736,2025-12-23,CUST1278,Headphones,Electronics,South,Bengaluru,Corporate,Retail Store,2,3711.23,0.15,6309.09,5344.17,964.92,2025-12
ORD00737,2025-03-09,CUST1119,Keyboard,Accessories,South,Kochi,Corporate,Online,1,2162.14,0.0,2162.14,1189.18,972.96,2025-03
ORD00738,2025-09-24,CUST1272,Desk,Furniture,South,Chennai,Corporate,Retail Store,3,15759.84,0.15,40187.59,29313.3,10874.29,2025-09
ORD00739,2025-10-08,CUST1248,Keyboard,Accessories,South,Bengaluru,Home Office,Online,5,2178.58,0.02,10675.04,5991.1,4683.94,2025-10
ORD00740,2025-07-10,CUST1083,Office Chair,Furniture,West,Mumbai,Consumer,Online,8,11763.73,0.1,84698.86,58348.1,26350.76,2025-07
ORD00741,2025-12-31,CUST1083,Mouse,Accessories,South,Bengaluru,Home Office,Retail Store,4,1192.83,0.02,4675.89,2624.23,2051.66,2025-12
ORD00742,2025-05-02,CUST1288,Smartphone,Electronics,North,Lucknow,Corporate,Online,2,27110.17,0.02,53135.93,39038.64,14097.29,2025-05
ORD00743,2025-12-29,CUST1155,Laptop,Electronics,East,Patna,Consumer,Online,8,67575.14,0.1,486541.01,389232.81,97308.2,2025-12
ORD00744,2025-03-04,CUST1003,Laptop,Electronics,South,Kochi,Corporate,Distributor,6,65028.29,0.02,382366.35,280922.21,101444.14,2025-03
ORD00745,2025-10-07,CUST1342,Mouse,Accessories,South,Chennai,Consumer,Online,6,1148.58,0.1,6202.33,3790.31,2412.02,2025-10
ORD00746,2025-03-17,CUST1072,Printer,Electronics,West,Surat,Consumer,Online,3,14895.05,0.0,44685.15,32173.31,12511.84,2025-03
ORD00747,2025-12-14,CUST1168,Mouse,Accessories,North,Delhi,Consumer,Retail Store,2,1177.71,0.0,2355.42,1295.48,1059.94,2025-12
ORD00748,2025-01-29,CUST1276,Printer,Electronics,East,Bhubaneswar,Corporate,Retail Store,1,14097.56,0.0,14097.56,10150.24,3947.32,2025-01
ORD00749,2025-08-17,CUST1342,Smartphone,Electronics,West,Surat,Consumer,Online,3,29821.0,0.0,89463.0,64413.36,25049.64,2025-08
ORD00750,2025-07-04,CUST1158,Backpack,Accessories,North,Chandigarh,Consumer,Online,2,1835.78,0.05,3487.98,2019.36,1468.62,2025-07
ORD00751,2025-08-17,CUST1218,Mouse,Accessories,North,Chandigarh,Corporate,Online,2,1126.44,0.02,2207.82,1239.08,968.74,2025-08
ORD00752,2025-08-01,CUST1172,Headphones,Electronics,West,Mumbai,Consumer,Online,10,3746.31,0.1,33716.79,26973.43,6743.36,2025-08
ORD00753,2025-02-03,CUST1285,Printer,Electronics,West,Mumbai,Consumer,Retail Store,2,14286.07,0.02,28000.7,20571.94,7428.76,2025-02
ORD00754,2025-08-25,CUST1022,Printer,Electronics,West,Pune,Consumer,Retail Store,2,13630.19,0.08,25079.55,19627.47,5452.08,2025-08
ORD00755,2025-06-04,CUST1328,Printer,Electronics,South,Kochi,Consumer,Retail Store,1,13191.97,0.05,12532.37,9498.22,3034.15,2025-06
ORD00756,2025-11-22,CUST1015,Keyboard,Accessories,North,Lucknow,Consumer,Online,4,2303.5,0.02,9029.72,5067.7,3962.02,2025-11
ORD00757,2025-03-03,CUST1133,Office Chair,Furniture,South,Hyderabad,Corporate,Online,3,12230.54,0.08,33756.29,22748.8,11007.49,2025-03
ORD00758,2025-11-18,CUST1084,Keyboard,Accessories,West,Mumbai,Consumer,Retail Store,1,2211.78,0.05,2101.19,1216.48,884.71,2025-11
ORD00759,2025-10-25,CUST1185,Laptop,Electronics,North,Chandigarh,Home Office,Online,1,69096.48,0.05,65641.66,49749.47,15892.19,2025-10
ORD00760,2025-08-03,CUST1094,Desk,Furniture,North,Lucknow,Corporate,Distributor,3,15692.63,0.15,40016.21,29188.29,10827.92,2025-08
ORD00761,2025-02-18,CUST1139,Printer,Electronics,West,Ahmedabad,Home Office,Retail Store,4,13219.75,0.05,50235.05,38072.88,12162.17,2025-02
ORD00762,2025-12-17,CUST1249,Desk,Furniture,North,Lucknow,Home Office,Online,3,14548.13,0.05,41462.17,27059.52,14402.65,2025-12
ORD00763,2025-07-30,CUST1287,Desk,Furniture,West,Pune,Consumer,Online,2,14396.37,0.02,28216.89,17851.5,10365.39,2025-07
ORD00764,2025-11-11,CUST1009,Mouse,Accessories,West,Mumbai,Consumer,Distributor,1,1246.84,0.02,1221.9,685.76,536.14,2025-11
ORD00765,2025-09-03,CUST1176,Desk,Furniture,South,Chennai,Consumer,Online,10,13880.48,0.1,124924.32,86058.98,38865.34,2025-09
ORD00766,2025-03-30,CUST1158,Office Chair,Furniture,North,Delhi,Consumer,Distributor,1,12134.19,0.02,11891.51,7523.2,4368.31,2025-03
ORD00767,2025-03-06,CUST1248,Monitor,Electronics,North,Delhi,Consumer,Retail Store,1,18755.88,0.0,18755.88,13504.23,5251.65,2025-03
ORD00768,2025-08-09,CUST1130,Laptop,Electronics,North,Delhi,Corporate,Online,1,68918.36,0.0,68918.36,49621.22,19297.14,2025-08
ORD00769,2025-01-23,CUST1301,Smartphone,Electronics,South,Hyderabad,Corporate,Retail Store,6,27292.53,0.02,160480.08,117903.73,42576.35,2025-01
ORD00770,2025-04-13,CUST1179,Headphones,Electronics,East,Kolkata,Consumer,Retail Store,6,3679.9,0.1,19871.46,15897.17,3974.29,2025-04
ORD00771,2025-06-30,CUST1271,Headphones,Electronics,West,Pune,Consumer,Online,5,3281.95,0.0,16409.75,11815.02,4594.73,2025-06
ORD00772,2025-04-22,CUST1110,Monitor,Electronics,West,Pune,Home Office,Online,8,18997.78,0.0,151982.24,109427.21,42555.03,2025-04
ORD00773,2025-09-16,CUST1195,Keyboard,Accessories,South,Bengaluru,Consumer,Distributor,1,2068.88,0.05,1965.44,1137.88,827.56,2025-09
ORD00774,2025-08-06,CUST1267,Monitor,Electronics,South,Kochi,Consumer,Distributor,1,17704.19,0.0,17704.19,12747.02,4957.17,2025-08
ORD00775,2025-03-11,CUST1198,Keyboard,Accessories,West,Ahmedabad,Corporate,Online,2,2304.65,0.0,4609.3,2535.12,2074.18,2025-03
ORD00776,2025-05-26,CUST1149,Keyboard,Accessories,East,Patna,Corporate,Retail Store,2,2076.77,0.08,3821.26,2284.45,1536.81,2025-05
ORD00777,2025-08-08,CUST1252,Monitor,Electronics,West,Surat,Home Office,Online,1,17220.24,0.15,14637.2,12398.57,2238.63,2025-08
ORD00778,2025-12-11,CUST1087,Smartphone,Electronics,South,Hyderabad,Consumer,Online,4,28995.69,0.0,115982.76,83507.59,32475.17,2025-12
ORD00779,2025-02-03,CUST1218,Desk,Furniture,West,Ahmedabad,Consumer,Retail Store,2,15528.09,0.02,30435.06,19254.83,11180.23,2025-02
ORD00780,2025-09-13,CUST1244,Office Chair,Furniture,West,Ahmedabad,Corporate,Retail Store,6,12271.0,0.05,69944.7,45648.12,24296.58,2025-09
ORD00781,2025-12-08,CUST1129,Printer,Electronics,West,Surat,Consumer,Online,2,14434.44,0.0,28868.88,20785.59,8083.29,2025-12
ORD00782,2025-09-08,CUST1348,Keyboard,Accessories,South,Bengaluru,Consumer,Retail Store,5,2215.04,0.08,10189.18,6091.36,4097.82,2025-09
ORD00783,2025-01-14,CUST1339,Headphones,Electronics,South,Chennai,Consumer,Retail Store,1,3361.01,0.0,3361.01,2419.93,941.08,2025-01
ORD00784,2025-09-24,CUST1176,Keyboard,Accessories,West,Pune,Consumer,Online,3,2145.68,0.1,5793.34,3540.37,2252.97,2025-09
ORD00785,2025-10-04,CUST1162,Mouse,Accessories,North,Delhi,Home Office,Distributor,1,1138.87,0.08,1047.76,626.38,421.38,2025-10
ORD00786,2025-07-12,CUST1085,Keyboard,Accessories,South,Hyderabad,Consumer,Retail Store,4,2343.77,0.15,7968.82,5156.29,2812.53,2025-07
ORD00787,2025-09-09,CUST1284,Backpack,Accessories,North,Chandigarh,Consumer,Online,4,1824.02,0.15,6201.67,4012.84,2188.83,2025-09
ORD00788,2025-12-17,CUST1254,Mouse,Accessories,East,Guwahati,Corporate,Online,1,1180.96,0.05,1121.91,649.53,472.38,2025-12
ORD00789,2025-10-30,CUST1024,Backpack,Accessories,East,Patna,Corporate,Online,1,1789.06,0.1,1610.15,983.98,626.17,2025-10
ORD00790,2025-03-07,CUST1177,Desk,Furniture,South,Hyderabad,Corporate,Retail Store,2,16073.48,0.08,29575.2,19931.12,9644.08,2025-03
ORD00791,2025-07-02,CUST1034,Backpack,Accessories,South,Bengaluru,Consumer,Retail Store,3,1700.17,0.15,4335.43,2805.28,1530.15,2025-07
ORD00792,2025-06-06,CUST1291,Smartphone,Electronics,South,Hyderabad,Corporate,Online,3,28386.31,0.08,78346.22,61314.43,17031.79,2025-06
ORD00793,2025-09-21,CUST1166,Backpack,Accessories,South,Kochi,Corporate,Distributor,2,1801.7,0.08,3315.13,1981.87,1333.26,2025-09
ORD00794,2025-10-21,CUST1174,Smartphone,Electronics,West,Mumbai,Corporate,Online,3,28499.31,0.15,72673.24,61558.51,11114.73,2025-10
ORD00795,2025-03-27,CUST1275,Printer,Electronics,South,Kochi,Consumer,Retail Store,8,12920.57,0.0,103364.56,74422.48,28942.08,2025-03
ORD00796,2025-04-20,CUST1048,Office Chair,Furniture,South,Chennai,Home Office,Online,2,12714.48,0.15,21614.62,15765.96,5848.66,2025-04
ORD00797,2025-10-24,CUST1178,Smartphone,Electronics,East,Patna,Consumer,Retail Store,3,29935.89,0.02,88011.52,64661.52,23350.0,2025-10
ORD00798,2025-02-09,CUST1129,Office Chair,Furniture,South,Chennai,Consumer,Online,1,12125.06,0.08,11155.06,7517.54,3637.52,2025-02
ORD00799,2025-11-16,CUST1296,Mouse,Accessories,South,Bengaluru,Home Office,Retail Store,3,1237.76,0.02,3639.01,2042.3,1596.71,2025-11
ORD00800,2025-09-13,CUST1290,Monitor,Electronics,East,Guwahati,Consumer,Retail Store,5,19216.8,0.08,88397.28,69180.48,19216.8,2025-09
ORD00801,2025-11-17,CUST1223,Laptop,Electronics,South,Chennai,Consumer,Online,4,67155.28,0.05,255190.06,193407.21,61782.85,2025-11
ORD00802,2025-07-30,CUST1331,Desk,Furniture,West,Mumbai,Corporate,Retail Store,2,14166.09,0.05,26915.57,17565.95,9349.62,2025-07
ORD00803,2025-03-24,CUST1159,Office Chair,Furniture,East,Bhubaneswar,Consumer,Online,1,12146.47,0.02,11903.54,7530.81,4372.73,2025-03
ORD00804,2025-08-26,CUST1070,Keyboard,Accessories,East,Guwahati,Consumer,Distributor,1,2237.56,0.05,2125.68,1230.66,895.02,2025-08
ORD00805,2025-01-15,CUST1249,Office Chair,Furniture,West,Ahmedabad,Corporate,Online,5,11854.33,0.15,50380.9,36748.42,13632.48,2025-01
ORD00806,2025-01-11,CUST1187,Laptop,Electronics,West,Mumbai,Consumer,Online,1,67459.02,0.08,62062.3,48570.49,13491.81,2025-01
ORD00807,2025-12-10,CUST1268,Smartphone,Electronics,South,Bengaluru,Consumer,Retail Store,3,29945.96,0.0,89837.88,64683.27,25154.61,2025-12
ORD00808,2025-12-07,CUST1169,Printer,Electronics,West,Ahmedabad,Consumer,Online,3,14953.27,0.05,42616.82,32299.06,10317.76,2025-12
ORD00809,2025-10-27,CUST1141,Backpack,Accessories,West,Pune,Home Office,Online,1,1785.84,0.02,1750.12,982.21,767.91,2025-10
ORD00810,2025-08-14,CUST1280,Backpack,Accessories,South,Hyderabad,Consumer,Online,8,1688.61,0.05,12833.44,7429.88,5403.56,2025-08
ORD00811,2025-08-05,CUST1189,Keyboard,Accessories,East,Patna,Home Office,Distributor,2,2370.66,0.15,4030.12,2607.73,1422.39,2025-08
ORD00812,2025-06-07,CUST1344,Laptop,Electronics,East,Kolkata,Home Office,Retail Store,6,68524.54,0.15,349475.15,296026.01,53449.14,2025-06
ORD00813,2025-05-03,CUST1063,Office Chair,Furniture,East,Patna,Corporate,Retail Store,6,11279.35,0.15,57524.69,41959.18,15565.51,2025-05
ORD00814,2025-10-01,CUST1155,Monitor,Electronics,West,Surat,Consumer,Distributor,6,19212.02,0.05,109508.51,82995.93,26512.58,2025-10
ORD00815,2025-02-16,CUST1209,Monitor,Electronics,South,Bengaluru,Home Office,Retail Store,5,19065.3,0.15,81027.52,68635.08,12392.44,2025-02
ORD00816,2025-01-18,CUST1217,Office Chair,Furniture,West,Surat,Consumer,Online,5,12036.17,0.15,51153.72,37312.13,13841.59,2025-01
ORD00817,2025-02-21,CUST1168,Headphones,Electronics,East,Kolkata,Consumer,Retail Store,5,3551.11,0.15,15092.22,12784.0,2308.22,2025-02
ORD00818,2025-08-21,CUST1103,Laptop,Electronics,West,Pune,Corporate,Retail Store,1,63949.63,0.08,58833.66,46043.73,12789.93,2025-08
ORD00819,2025-11-18,CUST1067,Office Chair,Furniture,South,Hyderabad,Consumer,Online,4,11145.14,0.15,37893.48,27639.95,10253.53,2025-11
ORD00820,2025-11-01,CUST1304,Backpack,Accessories,West,Ahmedabad,Consumer,Distributor,1,1752.54,0.02,1717.49,963.9,753.59,2025-11
ORD00821,2025-06-17,CUST1115,Office Chair,Furniture,North,Chandigarh,Consumer,Online,2,12581.48,0.1,22646.66,15601.04,7045.62,2025-06
ORD00822,2025-01-11,CUST1087,Laptop,Electronics,West,Pune,Home Office,Distributor,1,59848.17,0.15,50870.94,43090.68,7780.26,2025-01
ORD00823,2025-01-26,CUST1061,Backpack,Accessories,East,Patna,Consumer,Distributor,1,1752.05,0.1,1576.85,963.63,613.22,2025-01
ORD00824,2025-01-08,CUST1098,Mouse,Accessories,South,Kochi,Home Office,Online,2,1180.45,0.02,2313.68,1298.5,1015.18,2025-01
ORD00825,2025-05-17,CUST1347,Office Chair,Furniture,West,Surat,Consumer,Distributor,3,12071.8,0.05,34404.63,22453.55,11951.08,2025-05
ORD00826,2025-04-07,CUST1128,Backpack,Accessories,North,Jaipur,Consumer,Distributor,2,1920.92,0.08,3534.49,2113.01,1421.48,2025-04
ORD00827,2025-07-09,CUST1204,Printer,Electronics,East,Guwahati,Consumer,Online,5,13655.82,0.15,58037.24,49160.95,8876.29,2025-07
ORD00828,2025-12-18,CUST1027,Monitor,Electronics,West,Surat,Corporate,Online,1,17559.23,0.0,17559.23,12642.65,4916.58,2025-12
ORD00829,2025-06-20,CUST1024,Monitor,Electronics,South,Chennai,Home Office,Distributor,8,18684.0,0.1,134524.8,107619.84,26904.96,2025-06
ORD00830,2025-01-03,CUST1022,Office Chair,Furniture,South,Kochi,Consumer,Online,2,11908.26,0.1,21434.87,14766.24,6668.63,2025-01
ORD00831,2025-10-25,CUST1272,Headphones,Electronics,South,Kochi,Home Office,Distributor,1,3345.78,0.05,3178.49,2408.96,769.53,2025-10
ORD00832,2025-08-10,CUST1185,Headphones,Electronics,South,Chennai,Consumer,Online,5,3473.37,0.05,16498.51,12504.13,3994.38,2025-08
ORD00833,2025-08-09,CUST1224,Office Chair,Furniture,West,Ahmedabad,Corporate,Retail Store,2,11310.45,0.05,21489.85,14024.96,7464.89,2025-08
ORD00834,2025-03-26,CUST1326,Desk,Furniture,West,Surat,Corporate,Online,5,14223.33,0.15,60449.15,44092.32,16356.83,2025-03
ORD00835,2025-08-14,CUST1240,Laptop,Electronics,North,Delhi,Consumer,Online,2,64983.02,0.15,110471.13,93575.55,16895.58,2025-08
ORD00836,2025-08-12,CUST1235,Smartphone,Electronics,West,Surat,Consumer,Online,4,27636.79,0.08,101703.39,79593.96,22109.43,2025-08
ORD00837,2025-09-10,CUST1087,Smartphone,Electronics,West,Pune,Consumer,Online,5,29858.51,0.02,146306.7,107490.64,38816.06,2025-09
ORD00838,2025-09-18,CUST1093,Office Chair,Furniture,East,Bhubaneswar,Corporate,Distributor,3,11735.8,0.1,31686.66,21828.59,9858.07,2025-09
ORD00839,2025-08-02,CUST1349,Smartphone,Electronics,South,Kochi,Corporate,Distributor,1,28361.04,0.15,24106.88,20419.95,3686.93,2025-08
ORD00840,2025-03-04,CUST1338,Backpack,Accessories,South,Hyderabad,Home Office,Online,1,1838.09,0.15,1562.38,1010.95,551.43,2025-03
ORD00841,2025-09-03,CUST1319,Keyboard,Accessories,East,Patna,Corporate,Online,8,2028.61,0.15,13794.55,8925.88,4868.67,2025-09
ORD00842,2025-08-20,CUST1029,Desk,Furniture,West,Pune,Consumer,Online,3,15392.49,0.05,43868.6,28630.03,15238.57,2025-08
ORD00843,2025-02-06,CUST1046,Mouse,Accessories,West,Surat,Consumer,Online,2,1138.18,0.08,2094.25,1252.0,842.25,2025-02
ORD00844,2025-01-11,CUST1153,Monitor,Electronics,North,Chandigarh,Consumer,Retail Store,3,19327.88,0.0,57983.64,41748.22,16235.42,2025-01
ORD00845,2025-09-09,CUST1189,Backpack,Accessories,West,Ahmedabad,Home Office,Retail Store,2,1698.81,0.0,3397.62,1868.69,1528.93,2025-09
ORD00846,2025-09-20,CUST1189,Monitor,Electronics,South,Kochi,Consumer,Retail Store,2,17754.12,0.08,32667.58,25565.93,7101.65,2025-09
ORD00847,2025-11-11,CUST1115,Headphones,Electronics,South,Kochi,Consumer,Online,8,3267.8,0.15,22221.04,18822.53,3398.51,2025-11
ORD00848,2025-11-28,CUST1154,Headphones,Electronics,West,Mumbai,Consumer,Online,6,3778.25,0.08,20855.94,16322.04,4533.9,2025-11
ORD00849,2025-03-18,CUST1283,Headphones,Electronics,East,Patna,Home Office,Online,2,3501.23,0.0,7002.46,5041.77,1960.69,2025-03
ORD00850,2025-02-09,CUST1182,Laptop,Electronics,South,Kochi,Consumer,Online,4,65992.0,0.05,250769.6,190056.96,60712.64,2025-02
ORD00851,2025-05-11,CUST1202,Printer,Electronics,North,Delhi,Consumer,Retail Store,1,13030.25,0.02,12769.65,9381.78,3387.87,2025-05
ORD00852,2025-01-24,CUST1320,Smartphone,Electronics,South,Chennai,Consumer,Retail Store,4,29119.82,0.08,107160.94,83865.08,23295.86,2025-01
ORD00853,2025-05-16,CUST1345,Desk,Furniture,West,Pune,Consumer,Online,10,14303.77,0.05,135885.82,88683.37,47202.45,2025-05
ORD00854,2025-02-24,CUST1208,Backpack,Accessories,South,Hyderabad,Consumer,Online,3,1914.64,0.08,5284.41,3159.16,2125.25,2025-02
ORD00855,2025-12-03,CUST1346,Printer,Electronics,West,Ahmedabad,Corporate,Distributor,2,13339.51,0.15,22677.17,19208.89,3468.28,2025-12
ORD00856,2025-07-22,CUST1014,Office Chair,Furniture,North,Jaipur,Consumer,Online,1,11406.12,0.02,11178.0,7071.79,4106.21,2025-07
ORD00857,2025-04-18,CUST1045,Keyboard,Accessories,East,Bhubaneswar,Consumer,Retail Store,5,2036.87,0.02,9980.66,5601.39,4379.27,2025-04
ORD00858,2025-06-04,CUST1228,Keyboard,Accessories,North,Chandigarh,Consumer,Online,1,2190.17,0.15,1861.64,1204.59,657.05,2025-06
ORD00859,2025-09-06,CUST1027,Keyboard,Accessories,North,Chandigarh,Corporate,Online,3,2222.82,0.08,6134.98,3667.65,2467.33,2025-09
ORD00860,2025-06-20,CUST1284,Laptop,Electronics,North,Chandigarh,Home Office,Retail Store,4,60483.37,0.1,217740.13,174192.11,43548.02,2025-06
ORD00861,2025-05-29,CUST1119,Laptop,Electronics,South,Kochi,Consumer,Retail Store,6,67865.49,0.08,374617.5,293178.92,81438.58,2025-05
ORD00862,2025-02-01,CUST1060,Mouse,Accessories,North,Lucknow,Corporate,Online,3,1191.03,0.08,3287.24,1965.2,1322.04,2025-02
ORD00863,2025-09-11,CUST1099,Printer,Electronics,West,Ahmedabad,Consumer,Online,1,14054.63,0.15,11946.44,10119.33,1827.11,2025-09
ORD00864,2025-08-29,CUST1337,Desk,Furniture,South,Bengaluru,Corporate,Retail Store,6,14857.83,0.15,75774.93,55271.13,20503.8,2025-08
ORD00865,2025-08-28,CUST1185,Headphones,Electronics,West,Surat,Home Office,Retail Store,4,3444.43,0.15,11711.06,9919.96,1791.1,2025-08
ORD00866,2025-08-30,CUST1103,Headphones,Electronics,East,Patna,Corporate,Online,3,3533.4,0.02,10388.2,7632.14,2756.06,2025-08
ORD00867,2025-03-22,CUST1025,Printer,Electronics,South,Kochi,Home Office,Online,2,13227.74,0.1,23809.93,19047.95,4761.98,2025-03
ORD00868,2025-01-10,CUST1017,Desk,Furniture,West,Ahmedabad,Corporate,Online,5,14236.63,0.1,64064.83,44133.55,19931.28,2025-01
ORD00869,2025-02-02,CUST1182,Desk,Furniture,South,Bengaluru,Consumer,Online,2,15868.29,0.05,30149.75,19676.68,10473.07,2025-02
ORD00870,2025-01-24,CUST1026,Mouse,Accessories,South,Bengaluru,Home Office,Distributor,3,1285.65,0.0,3856.95,2121.32,1735.63,2025-01
ORD00871,2025-08-13,CUST1288,Keyboard,Accessories,West,Mumbai,Home Office,Retail Store,3,2155.4,0.0,6466.2,3556.41,2909.79,2025-08
ORD00872,2025-01-22,CUST1227,Mouse,Accessories,North,Delhi,Home Office,Distributor,1,1155.98,0.05,1098.18,635.79,462.39,2025-01
ORD00873,2025-09-17,CUST1104,Keyboard,Accessories,West,Mumbai,Consumer,Online,5,2250.69,0.0,11253.45,6189.4,5064.05,2025-09
ORD00874,2025-08-13,CUST1088,Backpack,Accessories,West,Mumbai,Consumer,Retail Store,2,1773.72,0.1,3192.7,1951.09,1241.61,2025-08
ORD00875,2025-02-13,CUST1216,Office Chair,Furniture,South,Kochi,Consumer,Retail Store,1,11088.74,0.1,9979.87,6875.02,3104.85,2025-02
ORD00876,2025-04-27,CUST1350,Headphones,Electronics,West,Surat,Home Office,Distributor,8,3307.45,0.1,23813.64,19050.91,4762.73,2025-04
ORD00877,2025-07-05,CUST1162,Laptop,Electronics,South,Hyderabad,Corporate,Online,1,67246.11,0.05,63883.8,48417.2,15466.6,2025-07
ORD00878,2025-07-25,CUST1030,Headphones,Electronics,South,Kochi,Corporate,Retail Store,3,3589.0,0.1,9690.3,7752.24,1938.06,2025-07
ORD00879,2025-11-20,CUST1161,Mouse,Accessories,West,Surat,Consumer,Retail Store,3,1109.2,0.05,3161.22,1830.18,1331.04,2025-11
ORD00880,2025-06-26,CUST1320,Laptop,Electronics,West,Pune,Corporate,Online,1,62108.51,0.1,55897.66,44718.13,11179.53,2025-06
ORD00881,2025-11-13,CUST1172,Keyboard,Accessories,East,Guwahati,Corporate,Distributor,1,2105.34,0.1,1894.81,1157.94,736.87,2025-11
ORD00882,2025-07-19,CUST1326,Headphones,Electronics,South,Chennai,Consumer,Online,2,3596.26,0.05,6832.89,5178.61,1654.28,2025-07
ORD00883,2025-03-23,CUST1057,Laptop,Electronics,North,Lucknow,Consumer,Retail Store,4,60004.99,0.1,216017.96,172814.37,43203.59,2025-03
ORD00884,2025-01-31,CUST1153,Desk,Furniture,South,Chennai,Consumer,Retail Store,6,14049.86,0.08,77555.23,52265.48,25289.75,2025-01
ORD00885,2025-10-21,CUST1341,Laptop,Electronics,South,Bengaluru,Corporate,Distributor,3,68119.13,0.15,173703.78,147137.32,26566.46,2025-10
ORD00886,2025-10-01,CUST1072,Printer,Electronics,South,Chennai,Consumer,Retail Store,4,13279.94,0.15,45151.8,38246.23,6905.57,2025-10
ORD00887,2025-07-13,CUST1233,Mouse,Accessories,West,Mumbai,Consumer,Retail Store,5,1229.33,0.05,5839.32,3380.66,2458.66,2025-07
ORD00888,2025-02-20,CUST1110,Headphones,Electronics,West,Surat,Consumer,Online,6,3353.38,0.08,18510.66,14486.6,4024.06,2025-02
ORD00889,2025-08-17,CUST1300,Smartphone,Electronics,South,Kochi,Corporate,Online,2,26205.5,0.05,49790.45,37735.92,12054.53,2025-08
ORD00890,2025-09-13,CUST1066,Backpack,Accessories,West,Surat,Corporate,Online,1,1726.03,0.1,1553.43,949.32,604.11,2025-09
ORD00891,2025-09-06,CUST1287,Keyboard,Accessories,North,Delhi,Corporate,Online,1,2278.24,0.02,2232.68,1253.03,979.65,2025-09
ORD00892,2025-07-09,CUST1079,Smartphone,Electronics,East,Guwahati,Consumer,Online,2,29593.52,0.1,53268.34,42614.67,10653.67,2025-07
ORD00893,2025-03-02,CUST1302,Desk,Furniture,South,Chennai,Consumer,Online,5,15792.53,0.02,77383.4,48956.84,28426.56,2025-03
ORD00894,2025-08-04,CUST1002,Laptop,Electronics,West,Ahmedabad,Home Office,Online,5,63930.71,0.08,294081.27,230150.56,63930.71,2025-08
ORD00895,2025-03-04,CUST1194,Mouse,Accessories,South,Hyderabad,Consumer,Retail Store,3,1232.27,0.05,3511.97,2033.25,1478.72,2025-03
ORD00896,2025-09-01,CUST1077,Printer,Electronics,North,Jaipur,Consumer,Online,2,13339.16,0.08,24544.05,19208.39,5335.66,2025-09
ORD00897,2025-06-16,CUST1344,Smartphone,Electronics,West,Surat,Consumer,Distributor,2,27073.3,0.0,54146.6,38985.55,15161.05,2025-06
ORD00898,2025-08-15,CUST1159,Office Chair,Furniture,East,Bhubaneswar,Corporate,Retail Store,5,12760.96,0.15,54234.08,39558.98,14675.1,2025-08
ORD00899,2025-10-15,CUST1292,Smartphone,Electronics,East,Kolkata,Consumer,Retail Store,3,25818.25,0.0,77454.75,55767.42,21687.33,2025-10
ORD00900,2025-09-25,CUST1141,Monitor,Electronics,West,Mumbai,Consumer,Distributor,1,16806.26,0.0,16806.26,12100.51,4705.75,2025-09
ORD00901,2025-04-16,CUST1024,Monitor,Electronics,West,Surat,Consumer,Online,2,17158.71,0.1,30885.68,24708.54,6177.14,2025-04
ORD00902,2025-09-09,CUST1047,Laptop,Electronics,South,Bengaluru,Consumer,Distributor,2,60075.93,0.05,114144.27,86509.34,27634.93,2025-09
ORD00903,2025-02-28,CUST1209,Smartphone,Electronics,East,Patna,Consumer,Online,1,26572.83,0.05,25244.19,19132.44,6111.75,2025-02
ORD00904,2025-12-14,CUST1164,Headphones,Electronics,North,Lucknow,Consumer,Retail Store,2,3546.5,0.0,7093.0,5106.96,1986.04,2025-12
ORD00905,2025-03-14,CUST1123,Backpack,Accessories,West,Ahmedabad,Consumer,Retail Store,1,1777.37,0.02,1741.82,977.55,764.27,2025-03
ORD00906,2025-11-02,CUST1209,Printer,Electronics,South,Kochi,Home Office,Online,2,14879.58,0.1,26783.24,21426.6,5356.64,2025-11
ORD00907,2025-02-03,CUST1346,Keyboard,Accessories,North,Jaipur,Home Office,Online,3,2311.74,0.1,6241.7,3814.37,2427.33,2025-02
ORD00908,2025-02-21,CUST1257,Monitor,Electronics,West,Pune,Consumer,Online,1,17544.43,0.15,14912.77,12631.99,2280.78,2025-02
ORD00909,2025-04-15,CUST1232,Headphones,Electronics,South,Bengaluru,Corporate,Online,2,3365.28,0.1,6057.5,4846.0,1211.5,2025-04
ORD00910,2025-01-22,CUST1140,Laptop,Electronics,West,Ahmedabad,Corporate,Online,1,63748.8,0.08,58648.9,45899.14,12749.76,2025-01
ORD00911,2025-11-03,CUST1145,Office Chair,Furniture,West,Surat,Home Office,Retail Store,1,12173.37,0.1,10956.03,7547.49,3408.54,2025-11
ORD00912,2025-01-24,CUST1285,Headphones,Electronics,West,Mumbai,Consumer,Online,1,3370.12,0.02,3302.72,2426.49,876.23,2025-01
ORD00913,2025-05-24,CUST1232,Backpack,Accessories,North,Lucknow,Home Office,Distributor,3,1835.75,0.15,4681.16,3028.99,1652.17,2025-05
ORD00914,2025-05-20,CUST1069,Monitor,Electronics,East,Patna,Consumer,Online,3,17739.11,0.0,53217.33,38316.48,14900.85,2025-05
ORD00915,2025-11-27,CUST1251,Laptop,Electronics,East,Kolkata,Home Office,Retail Store,2,65541.29,0.15,111420.19,94379.46,17040.73,2025-11
ORD00916,2025-07-21,CUST1345,Mouse,Accessories,North,Delhi,Corporate,Distributor,5,1187.74,0.08,5463.6,3266.29,2197.31,2025-07
ORD00917,2025-03-05,CUST1005,Desk,Furniture,West,Surat,Home Office,Online,1,14506.72,0.15,12330.71,8994.17,3336.54,2025-03
ORD00918,2025-03-05,CUST1349,Keyboard,Accessories,South,Bengaluru,Consumer,Online,1,2357.86,0.05,2239.97,1296.82,943.15,2025-03
ORD00919,2025-12-30,CUST1019,Desk,Furniture,North,Lucknow,Corporate,Online,10,15632.65,0.05,148510.17,96922.43,51587.74,2025-12
ORD00920,2025-05-24,CUST1143,Keyboard,Accessories,West,Pune,Consumer,Distributor,3,2073.32,0.0,6219.96,3420.98,2798.98,2025-05
ORD00921,2025-10-19,CUST1090,Mouse,Accessories,South,Bengaluru,Corporate,Retail Store,4,1270.75,0.1,4574.7,2795.65,1779.05,2025-10
ORD00922,2025-02-03,CUST1141,Printer,Electronics,North,Delhi,Consumer,Distributor,5,13971.85,0.1,62873.33,50298.66,12574.67,2025-02
ORD00923,2025-04-09,CUST1329,Laptop,Electronics,West,Ahmedabad,Corporate,Distributor,1,69103.34,0.08,63575.07,49754.4,13820.67,2025-04
ORD00924,2025-12-11,CUST1266,Laptop,Electronics,West,Ahmedabad,Consumer,Distributor,2,68118.49,0.15,115801.43,98090.63,17710.8,2025-12
ORD00925,2025-08-27,CUST1273,Keyboard,Accessories,South,Hyderabad,Home Office,Online,2,2173.68,0.08,3999.57,2391.05,1608.52,2025-08
ORD00926,2025-08-18,CUST1116,Desk,Furniture,North,Jaipur,Consumer,Distributor,5,13853.93,0.15,58879.2,42947.18,15932.02,2025-08
ORD00927,2025-12-20,CUST1050,Backpack,Accessories,West,Pune,Consumer,Online,1,1733.38,0.15,1473.37,953.36,520.01,2025-12
ORD00928,2025-01-15,CUST1127,Keyboard,Accessories,South,Hyderabad,Corporate,Retail Store,2,2214.66,0.05,4207.85,2436.13,1771.72,2025-01
ORD00929,2025-02-25,CUST1038,Keyboard,Accessories,South,Chennai,Home Office,Retail Store,3,2246.98,0.02,6606.12,3707.52,2898.6,2025-02
ORD00930,2025-11-04,CUST1018,Printer,Electronics,South,Hyderabad,Corporate,Retail Store,1,13457.67,0.0,13457.67,9689.52,3768.15,2025-11
ORD00931,2025-07-13,CUST1155,Desk,Furniture,West,Mumbai,Corporate,Online,5,14134.45,0.0,70672.25,43816.79,26855.46,2025-07
ORD00932,2025-11-09,CUST1317,Backpack,Accessories,North,Delhi,Corporate,Online,2,1896.46,0.0,3792.92,2086.11,1706.81,2025-11
ORD00933,2025-07-30,CUST1318,Monitor,Electronics,West,Mumbai,Consumer,Online,2,19395.08,0.1,34911.14,27928.92,6982.22,2025-07
ORD00934,2025-02-21,CUST1007,Desk,Furniture,East,Kolkata,Consumer,Online,1,15061.66,0.0,15061.66,9338.23,5723.43,2025-02
ORD00935,2025-11-01,CUST1216,Smartphone,Electronics,East,Bhubaneswar,Home Office,Online,3,26529.12,0.05,75607.99,57302.9,18305.09,2025-11
ORD00936,2025-09-04,CUST1224,Printer,Electronics,South,Bengaluru,Consumer,Online,1,13489.97,0.1,12140.97,9712.78,2428.19,2025-09
ORD00937,2025-09-20,CUST1005,Desk,Furniture,South,Bengaluru,Consumer,Online,2,13844.14,0.05,26303.87,17166.73,9137.14,2025-09
ORD00938,2025-09-23,CUST1217,Printer,Electronics,East,Bhubaneswar,Consumer,Online,5,14928.03,0.0,74640.15,53740.91,20899.24,2025-09
ORD00939,2025-06-26,CUST1240,Monitor,Electronics,West,Pune,Corporate,Online,4,16899.12,0.15,57457.01,48669.47,8787.54,2025-06
ORD00940,2025-11-04,CUST1022,Desk,Furniture,West,Ahmedabad,Corporate,Online,1,15183.64,0.08,13968.95,9413.86,4555.09,2025-11
ORD00941,2025-09-11,CUST1170,Monitor,Electronics,West,Pune,Corporate,Online,2,17349.28,0.08,31922.68,24982.96,6939.72,2025-09
ORD00942,2025-07-12,CUST1073,Monitor,Electronics,South,Hyderabad,Consumer,Online,1,18156.03,0.0,18156.03,13072.34,5083.69,2025-07
ORD00943,2025-05-29,CUST1113,Keyboard,Accessories,North,Lucknow,Consumer,Online,1,2253.3,0.02,2208.23,1239.32,968.91,2025-05
ORD00944,2025-05-15,CUST1011,Headphones,Electronics,South,Bengaluru,Consumer,Online,5,3684.66,0.0,18423.3,13264.78,5158.52,2025-05
ORD00945,2025-12-13,CUST1191,Headphones,Electronics,South,Hyderabad,Consumer,Online,2,3335.6,0.05,6337.64,4803.26,1534.38,2025-12
ORD00946,2025-12-05,CUST1098,Headphones,Electronics,West,Surat,Home Office,Online,1,3226.16,0.02,3161.64,2322.84,838.8,2025-12
ORD00947,2025-04-09,CUST1316,Mouse,Accessories,South,Chennai,Consumer,Online,3,1130.28,0.0,3390.84,1864.96,1525.88,2025-04
ORD00948,2025-10-28,CUST1065,Monitor,Electronics,West,Ahmedabad,Corporate,Online,1,19152.05,0.05,18194.45,13789.48,4404.97,2025-10
ORD00949,2025-09-18,CUST1034,Printer,Electronics,West,Pune,Corporate,Retail Store,5,14837.51,0.1,66768.79,53415.04,13353.75,2025-09
ORD00950,2025-03-27,CUST1270,Mouse,Accessories,South,Chennai,Consumer,Online,2,1218.7,0.05,2315.53,1340.57,974.96,2025-03
ORD00951,2025-12-22,CUST1333,Keyboard,Accessories,West,Surat,Consumer,Retail Store,3,2235.38,0.1,6035.53,3688.38,2347.15,2025-12
ORD00952,2025-01-19,CUST1194,Monitor,Electronics,North,Jaipur,Consumer,Online,2,18475.31,0.08,33994.57,26604.45,7390.12,2025-01
ORD00953,2025-10-20,CUST1228,Headphones,Electronics,West,Ahmedabad,Consumer,Online,4,3318.21,0.05,12609.2,9556.44,3052.76,2025-10
ORD00954,2025-09-23,CUST1222,Desk,Furniture,South,Hyderabad,Consumer,Retail Store,2,15994.59,0.08,29430.05,19833.29,9596.76,2025-09
ORD00955,2025-07-29,CUST1331,Desk,Furniture,West,Ahmedabad,Consumer,Online,2,14805.05,0.05,28129.59,18358.26,9771.33,2025-07
ORD00956,2025-02-08,CUST1117,Desk,Furniture,West,Ahmedabad,Home Office,Online,3,14719.53,0.05,41950.66,27378.33,14572.33,2025-02
ORD00957,2025-02-20,CUST1155,Smartphone,Electronics,North,Delhi,Corporate,Online,4,28084.75,0.05,106722.05,80884.08,25837.97,2025-02
ORD00958,2025-12-16,CUST1005,Office Chair,Furniture,North,Jaipur,Home Office,Retail Store,4,11130.17,0.05,42294.65,27602.82,14691.83,2025-12
ORD00959,2025-06-03,CUST1242,Office Chair,Furniture,West,Surat,Home Office,Retail Store,4,11359.26,0.0,45437.04,28170.96,17266.08,2025-06
ORD00960,2025-12-01,CUST1243,Mouse,Accessories,West,Pune,Home Office,Online,4,1245.7,0.02,4883.14,2740.54,2142.6,2025-12
ORD00961,2025-04-30,CUST1097,Mouse,Accessories,East,Guwahati,Corporate,Online,5,1119.9,0.05,5319.52,3079.73,2239.79,2025-04
ORD00962,2025-08-08,CUST1157,Backpack,Accessories,North,Chandigarh,Home Office,Online,1,1829.71,0.02,1793.12,1006.34,786.78,2025-08
ORD00963,2025-01-05,CUST1276,Keyboard,Accessories,West,Ahmedabad,Consumer,Online,4,2110.36,0.08,7766.12,4642.79,3123.33,2025-01
ORD00964,2025-06-03,CUST1291,Desk,Furniture,East,Kolkata,Home Office,Online,8,14734.31,0.05,111980.76,73082.18,38898.58,2025-06
ORD00965,2025-11-19,CUST1198,Printer,Electronics,West,Surat,Home Office,Online,2,13526.67,0.1,24348.01,19478.4,4869.61,2025-11
ORD00966,2025-04-07,CUST1284,Keyboard,Accessories,North,Chandigarh,Corporate,Online,1,2149.2,0.15,1826.82,1182.06,644.76,2025-04
ORD00967,2025-04-01,CUST1146,Laptop,Electronics,West,Surat,Consumer,Online,6,67278.08,0.08,371375.0,290641.31,80733.69,2025-04
ORD00968,2025-04-16,CUST1211,Monitor,Electronics,South,Hyderabad,Consumer,Online,1,17415.71,0.05,16544.92,12539.31,4005.61,2025-04
ORD00969,2025-07-20,CUST1067,Headphones,Electronics,West,Pune,Corporate,Online,1,3537.19,0.02,3466.45,2546.78,919.67,2025-07
ORD00970,2025-04-16,CUST1258,Office Chair,Furniture,South,Kochi,Consumer,Retail Store,2,11954.02,0.02,23429.88,14822.98,8606.9,2025-04
ORD00971,2025-12-17,CUST1127,Keyboard,Accessories,South,Hyderabad,Home Office,Online,5,2257.61,0.1,10159.25,6208.43,3950.82,2025-12
ORD00972,2025-09-27,CUST1331,Desk,Furniture,West,Surat,Consumer,Retail Store,4,16048.39,0.05,60983.88,39800.01,21183.87,2025-09
ORD00973,2025-08-22,CUST1128,Desk,Furniture,East,Patna,Consumer,Retail Store,5,15558.17,0.08,71567.58,48230.33,23337.25,2025-08
ORD00974,2025-04-02,CUST1202,Printer,Electronics,West,Surat,Consumer,Retail Store,4,13361.47,0.0,53445.88,38481.03,14964.85,2025-04
ORD00975,2025-12-24,CUST1112,Laptop,Electronics,South,Bengaluru,Consumer,Retail Store,2,60124.3,0.0,120248.6,86578.99,33669.61,2025-12
ORD00976,2025-09-10,CUST1210,Backpack,Accessories,West,Mumbai,Home Office,Online,1,1731.53,0.05,1644.95,952.34,692.61,2025-09
ORD00977,2025-08-19,CUST1237,Headphones,Electronics,South,Hyderabad,Consumer,Online,4,3553.24,0.15,12081.02,10233.33,1847.69,2025-08
ORD00978,2025-07-15,CUST1168,Desk,Furniture,West,Pune,Consumer,Online,1,13923.42,0.02,13644.95,8632.52,5012.43,2025-07
ORD00979,2025-12-10,CUST1072,Keyboard,Accessories,South,Hyderabad,Consumer,Retail Store,4,2198.72,0.08,8091.29,4837.18,3254.11,2025-12
ORD00980,2025-08-30,CUST1274,Office Chair,Furniture,West,Pune,Home Office,Retail Store,1,12185.94,0.0,12185.94,7555.28,4630.66,2025-08
ORD00981,2025-07-20,CUST1018,Headphones,Electronics,North,Delhi,Corporate,Online,2,3407.18,0.02,6678.07,4906.34,1771.73,2025-07
ORD00982,2025-12-12,CUST1338,Mouse,Accessories,North,Delhi,Home Office,Retail Store,3,1252.02,0.15,3192.65,2065.83,1126.82,2025-12
ORD00983,2025-02-22,CUST1128,Backpack,Accessories,East,Guwahati,Consumer,Online,4,1686.7,0.02,6611.86,3710.74,2901.12,2025-02
ORD00984,2025-07-11,CUST1349,Monitor,Electronics,North,Delhi,Consumer,Distributor,2,16776.4,0.02,32881.74,24158.02,8723.72,2025-07
ORD00985,2025-12-09,CUST1023,Smartphone,Electronics,North,Delhi,Corporate,Retail Store,1,29022.29,0.02,28441.84,20896.05,7545.79,2025-12
ORD00986,2025-08-01,CUST1203,Mouse,Accessories,North,Lucknow,Consumer,Retail Store,3,1199.13,0.1,3237.65,1978.56,1259.09,2025-08
ORD00987,2025-08-08,CUST1007,Smartphone,Electronics,South,Hyderabad,Consumer,Online,2,28844.04,0.05,54803.68,41535.42,13268.26,2025-08
ORD00988,2025-07-19,CUST1035,Monitor,Electronics,South,Hyderabad,Corporate,Online,3,17812.3,0.0,53436.9,38474.57,14962.33,2025-07
ORD00989,2025-04-22,CUST1088,Backpack,Accessories,South,Kochi,Home Office,Online,3,1726.96,0.1,4662.79,2849.48,1813.31,2025-04
ORD00990,2025-05-09,CUST1090,Smartphone,Electronics,East,Guwahati,Corporate,Distributor,4,29429.58,0.05,111832.4,84757.19,27075.21,2025-05
ORD00991,2025-11-22,CUST1196,Desk,Furniture,West,Surat,Consumer,Online,6,15718.6,0.08,86766.67,58473.19,28293.48,2025-11
ORD00992,2025-09-19,CUST1122,Monitor,Electronics,South,Hyderabad,Consumer,Retail Store,6,18560.73,0.05,105796.16,80182.35,25613.81,2025-09
ORD00993,2025-08-08,CUST1105,Monitor,Electronics,East,Kolkata,Consumer,Online,1,17343.78,0.08,15956.28,12487.52,3468.76,2025-08
ORD00994,2025-11-25,CUST1021,Laptop,Electronics,South,Kochi,Corporate,Online,2,65938.4,0.15,112095.28,94951.3,17143.98,2025-11
ORD00995,2025-09-24,CUST1125,Backpack,Accessories,East,Patna,Corporate,Online,4,1759.96,0.05,6687.85,3871.91,2815.94,2025-09
ORD00996,2025-04-16,CUST1267,Mouse,Accessories,North,Jaipur,Corporate,Retail Store,2,1121.58,0.08,2063.71,1233.74,829.97,2025-04
ORD00997,2025-06-14,CUST1325,Headphones,Electronics,South,Hyderabad,Consumer,Online,8,3733.7,0.0,29869.6,21506.11,8363.49,2025-06
ORD00998,2025-03-14,CUST1260,Monitor,Electronics,North,Jaipur,Corporate,Retail Store,6,16954.04,0.02,99689.76,73241.45,26448.31,2025-03
ORD00999,2025-02-10,CUST1128,Backpack,Accessories,West,Ahmedabad,Consumer,Online,2,1929.67,0.1,3473.41,2122.64,1350.77,2025-02
ORD01000,2025-06-05,CUST1204,Office Chair,Furniture,East,Bhubaneswar,Consumer,Retail Store,1,11896.33,0.05,11301.51,7375.72,3925.79,2025-06
ORD01001,2025-07-13,CUST1011,Headphones,Electronics,South,Kochi,Consumer,Retail Store,4,3323.67,0.08,12231.11,9572.17,2658.94,2025-07
ORD01002,2025-07-15,CUST1195,Backpack,Accessories,West,Ahmedabad,Corporate,Online,4,1812.07,0.05,6885.87,3986.55,2899.32,2025-07
ORD01003,2025-08-26,CUST1241,Office Chair,Furniture,South,Kochi,Corporate,Online,2,12716.06,0.15,21617.3,15767.91,5849.39,2025-08
ORD01004,2025-04-11,CUST1208,Headphones,Electronics,West,Mumbai,Consumer,Online,4,3630.05,0.08,13358.58,10454.54,2904.04,2025-04
ORD01005,2025-08-01,CUST1210,Backpack,Accessories,West,Ahmedabad,Consumer,Online,10,1888.29,0.0,18882.9,10385.6,8497.3,2025-08
ORD01006,2025-01-20,CUST1179,Smartphone,Electronics,South,Bengaluru,Consumer,Online,2,28711.35,0.15,48809.29,41344.34,7464.95,2025-01
ORD01007,2025-09-18,CUST1127,Keyboard,Accessories,East,Patna,Corporate,Retail Store,6,2267.68,0.15,11565.17,7483.34,4081.83,2025-09
ORD01008,2025-05-05,CUST1076,Keyboard,Accessories,North,Lucknow,Corporate,Retail Store,4,2322.92,0.15,7897.93,5110.42,2787.51,2025-05
ORD01009,2025-05-14,CUST1007,Printer,Electronics,South,Bengaluru,Consumer,Retail Store,8,13439.26,0.02,105363.8,77410.14,27953.66,2025-05
ORD01010,2025-03-01,CUST1097,Smartphone,Electronics,East,Guwahati,Consumer,Retail Store,6,27952.62,0.1,150944.15,120755.32,30188.83,2025-03
ORD01011,2025-08-05,CUST1301,Headphones,Electronics,West,Ahmedabad,Corporate,Online,3,3343.88,0.08,9229.11,7222.78,2006.33,2025-08
ORD01012,2025-06-07,CUST1138,Backpack,Accessories,West,Mumbai,Consumer,Retail Store,5,1940.45,0.02,9508.2,5336.24,4171.96,2025-06
ORD01013,2025-04-18,CUST1214,Backpack,Accessories,East,Kolkata,Home Office,Retail Store,1,1927.89,0.0,1927.89,1060.34,867.55,2025-04
ORD01014,2025-09-26,CUST1250,Backpack,Accessories,East,Guwahati,Consumer,Online,4,1667.35,0.02,6536.01,3668.17,2867.84,2025-09
ORD01015,2025-04-04,CUST1094,Mouse,Accessories,West,Surat,Corporate,Online,1,1239.47,0.15,1053.55,681.71,371.84,2025-04
ORD01016,2025-04-09,CUST1086,Office Chair,Furniture,West,Surat,Consumer,Distributor,1,12816.48,0.15,10894.01,7946.22,2947.79,2025-04
ORD01017,2025-02-10,CUST1249,Office Chair,Furniture,North,Delhi,Consumer,Online,3,11386.7,0.08,31427.29,21179.26,10248.03,2025-02
ORD01018,2025-12-11,CUST1050,Smartphone,Electronics,North,Lucknow,Corporate,Online,3,28304.39,0.0,84913.17,61137.48,23775.69,2025-12
ORD01019,2025-04-19,CUST1243,Mouse,Accessories,West,Surat,Corporate,Distributor,4,1279.77,0.08,4709.55,2815.49,1894.06,2025-04
ORD01020,2025-06-22,CUST1185,Printer,Electronics,South,Chennai,Corporate,Online,2,12956.04,0.02,25393.84,18656.7,6737.14,2025-06
ORD01021,2025-12-07,CUST1234,Backpack,Accessories,South,Hyderabad,Home Office,Distributor,5,1856.86,0.0,9284.3,5106.36,4177.94,2025-12
ORD01022,2025-12-24,CUST1128,Backpack,Accessories,West,Pune,Consumer,Online,3,1741.64,0.15,4441.18,2873.71,1567.47,2025-12
ORD01023,2025-07-08,CUST1165,Keyboard,Accessories,East,Guwahati,Consumer,Retail Store,1,2349.39,0.15,1996.98,1292.16,704.82,2025-07
ORD01024,2025-01-09,CUST1314,Desk,Furniture,West,Ahmedabad,Corporate,Online,3,16130.54,0.15,41132.88,30002.8,11130.08,2025-01
ORD01025,2025-02-11,CUST1198,Desk,Furniture,South,Kochi,Home Office,Distributor,6,16066.24,0.15,81937.82,59766.41,22171.41,2025-02
ORD01026,2025-05-31,CUST1259,Printer,Electronics,North,Jaipur,Home Office,Distributor,4,13942.24,0.15,47403.62,40153.65,7249.97,2025-05
ORD01027,2025-01-17,CUST1087,Headphones,Electronics,South,Hyderabad,Consumer,Retail Store,3,3702.74,0.08,10219.56,7997.92,2221.64,2025-01
ORD01028,2025-08-17,CUST1046,Smartphone,Electronics,South,Bengaluru,Consumer,Online,6,29543.58,0.15,150672.26,127628.27,23043.99,2025-08
ORD01029,2025-02-24,CUST1113,Backpack,Accessories,West,Mumbai,Consumer,Distributor,6,1747.9,0.05,9963.03,5768.07,4194.96,2025-02
ORD01030,2025-05-12,CUST1047,Keyboard,Accessories,West,Mumbai,Corporate,Distributor,3,2315.78,0.08,6391.55,3821.04,2570.51,2025-05
ORD01031,2025-12-21,CUST1196,Desk,Furniture,West,Mumbai,Corporate,Online,4,13888.82,0.15,47221.99,34444.27,12777.72,2025-12
ORD01032,2025-12-01,CUST1058,Mouse,Accessories,West,Surat,Corporate,Online,1,1218.48,0.0,1218.48,670.16,548.32,2025-12
ORD01033,2025-02-15,CUST1195,Desk,Furniture,West,Pune,Corporate,Online,2,14352.02,0.05,27268.84,17796.5,9472.34,2025-02
ORD01034,2025-10-23,CUST1348,Laptop,Electronics,South,Bengaluru,Home Office,Distributor,2,61053.9,0.05,116002.41,87917.62,28084.79,2025-10
ORD01035,2025-03-06,CUST1075,Mouse,Accessories,East,Bhubaneswar,Consumer,Online,5,1118.78,0.05,5314.2,3076.64,2237.56,2025-03
ORD01036,2025-06-01,CUST1018,Monitor,Electronics,South,Kochi,Consumer,Online,4,18565.31,0.15,63122.05,53468.09,9653.96,2025-06
ORD01037,2025-11-03,CUST1111,Desk,Furniture,South,Hyderabad,Consumer,Retail Store,3,14615.7,0.15,37270.04,27185.2,10084.84,2025-11
ORD01038,2025-09-11,CUST1108,Office Chair,Furniture,East,Guwahati,Consumer,Retail Store,1,12431.55,0.15,10566.82,7707.56,2859.26,2025-09
ORD01039,2025-04-26,CUST1082,Laptop,Electronics,West,Pune,Home Office,Retail Store,2,60479.71,0.15,102815.51,87090.78,15724.73,2025-04
ORD01040,2025-01-12,CUST1037,Mouse,Accessories,South,Kochi,Corporate,Distributor,4,1164.54,0.08,4285.51,2561.99,1723.52,2025-01
ORD01041,2025-09-28,CUST1298,Office Chair,Furniture,South,Bengaluru,Corporate,Online,1,12075.82,0.05,11472.03,7487.01,3985.02,2025-09
ORD01042,2025-01-28,CUST1108,Office Chair,Furniture,South,Bengaluru,Corporate,Online,3,12558.19,0.02,36921.08,23358.23,13562.85,2025-01
ORD01043,2025-04-22,CUST1193,Monitor,Electronics,West,Mumbai,Consumer,Distributor,1,17478.01,0.02,17128.45,12584.17,4544.28,2025-04
ORD01044,2025-08-07,CUST1264,Headphones,Electronics,West,Mumbai,Consumer,Online,6,3570.5,0.0,21423.0,15424.56,5998.44,2025-08
ORD01045,2025-11-29,CUST1204,Desk,Furniture,East,Bhubaneswar,Corporate,Online,1,15926.35,0.02,15607.82,9874.34,5733.48,2025-11
ORD01046,2025-09-08,CUST1338,Office Chair,Furniture,East,Bhubaneswar,Corporate,Online,4,12222.46,0.15,41556.36,30311.7,11244.66,2025-09
ORD01047,2025-02-15,CUST1060,Keyboard,Accessories,West,Surat,Consumer,Retail Store,2,2106.0,0.0,4212.0,2316.6,1895.4,2025-02
ORD01048,2025-02-12,CUST1049,Smartphone,Electronics,South,Bengaluru,Consumer,Retail Store,3,25869.32,0.05,73727.56,55877.73,17849.83,2025-02
ORD01049,2025-10-31,CUST1276,Headphones,Electronics,South,Kochi,Consumer,Online,2,3707.26,0.15,6302.34,5338.45,963.89,2025-10
ORD01050,2025-04-05,CUST1251,Backpack,Accessories,West,Mumbai,Consumer,Retail Store,4,1662.13,0.1,5983.67,3656.69,2326.98,2025-04
ORD01051,2025-02-02,CUST1093,Mouse,Accessories,West,Mumbai,Corporate,Online,3,1271.94,0.0,3815.82,2098.7,1717.12,2025-02
ORD01052,2025-11-03,CUST1335,Headphones,Electronics,North,Chandigarh,Corporate,Online,1,3516.2,0.02,3445.88,2531.66,914.22,2025-11
ORD01053,2025-03-24,CUST1088,Smartphone,Electronics,East,Kolkata,Consumer,Online,2,29967.02,0.1,53940.64,43152.51,10788.13,2025-03
ORD01054,2025-08-05,CUST1274,Laptop,Electronics,South,Hyderabad,Home Office,Online,4,68107.35,0.15,231564.99,196149.17,35415.82,2025-08
ORD01055,2025-08-16,CUST1262,Headphones,Electronics,East,Patna,Corporate,Distributor,2,3778.84,0.1,6801.91,5441.53,1360.38,2025-08
ORD01056,2025-04-18,CUST1069,Smartphone,Electronics,East,Kolkata,Consumer,Online,2,27331.19,0.02,53569.13,39356.91,14212.22,2025-04
ORD01057,2025-11-05,CUST1131,Mouse,Accessories,North,Lucknow,Consumer,Retail Store,2,1251.3,0.1,2252.34,1376.43,875.91,2025-11
ORD01058,2025-05-14,CUST1074,Backpack,Accessories,East,Bhubaneswar,Consumer,Online,2,1771.76,0.08,3260.04,1948.94,1311.1,2025-05
ORD01059,2025-10-02,CUST1289,Monitor,Electronics,North,Lucknow,Home Office,Retail Store,1,17942.04,0.05,17044.94,12918.27,4126.67,2025-10
ORD01060,2025-12-03,CUST1014,Mouse,Accessories,East,Guwahati,Home Office,Online,5,1224.48,0.08,5632.61,3367.32,2265.29,2025-12
ORD01061,2025-11-06,CUST1328,Monitor,Electronics,North,Delhi,Corporate,Retail Store,2,19076.19,0.05,36244.76,27469.71,8775.05,2025-11
ORD01062,2025-02-15,CUST1194,Desk,Furniture,West,Ahmedabad,Consumer,Retail Store,2,16161.8,0.0,32323.6,20040.63,12282.97,2025-02
ORD01063,2025-04-24,CUST1049,Backpack,Accessories,West,Mumbai,Consumer,Retail Store,2,1877.26,0.08,3454.16,2064.99,1389.17,2025-04
ORD01064,2025-09-28,CUST1163,Desk,Furniture,East,Patna,Corporate,Retail Store,6,14802.64,0.02,87039.52,55065.82,31973.7,2025-09
ORD01065,2025-07-19,CUST1080,Headphones,Electronics,South,Kochi,Consumer,Online,1,3455.96,0.1,3110.36,2488.29,622.07,2025-07
ORD01066,2025-12-03,CUST1128,Headphones,Electronics,North,Lucknow,Consumer,Retail Store,8,3633.05,0.15,24704.74,20926.37,3778.37,2025-12
ORD01067,2025-12-14,CUST1147,Printer,Electronics,South,Kochi,Consumer,Distributor,5,13414.86,0.1,60366.87,48293.5,12073.37,2025-12
ORD01068,2025-05-22,CUST1161,Backpack,Accessories,South,Bengaluru,Consumer,Distributor,8,1687.82,0.08,12422.36,7426.41,4995.95,2025-05
ORD01069,2025-02-16,CUST1147,Smartphone,Electronics,North,Jaipur,Home Office,Online,1,27348.71,0.15,23246.4,19691.07,3555.33,2025-02
ORD01070,2025-10-11,CUST1070,Keyboard,Accessories,West,Mumbai,Home Office,Online,3,2125.11,0.15,5419.03,3506.43,1912.6,2025-10
ORD01071,2025-09-03,CUST1004,Keyboard,Accessories,South,Hyderabad,Consumer,Retail Store,6,2128.3,0.15,10854.33,7023.39,3830.94,2025-09
ORD01072,2025-08-06,CUST1312,Mouse,Accessories,West,Pune,Home Office,Retail Store,6,1148.85,0.1,6203.79,3791.2,2412.59,2025-08
ORD01073,2025-01-22,CUST1090,Printer,Electronics,South,Bengaluru,Corporate,Distributor,3,12974.29,0.02,38144.41,28024.47,10119.94,2025-01
ORD01074,2025-02-08,CUST1058,Desk,Furniture,West,Ahmedabad,Home Office,Online,2,13842.9,0.05,26301.51,17165.2,9136.31,2025-02
ORD01075,2025-06-23,CUST1324,Monitor,Electronics,West,Mumbai,Consumer,Online,2,19404.64,0.0,38809.28,27942.68,10866.6,2025-06
ORD01076,2025-10-19,CUST1238,Backpack,Accessories,North,Lucknow,Home Office,Distributor,3,1779.2,0.0,5337.6,2935.68,2401.92,2025-10
ORD01077,2025-11-13,CUST1180,Keyboard,Accessories,North,Delhi,Corporate,Online,2,2159.28,0.0,4318.56,2375.21,1943.35,2025-11
ORD01078,2025-04-06,CUST1211,Backpack,Accessories,South,Hyderabad,Consumer,Online,3,1851.74,0.02,5444.12,3055.37,2388.75,2025-04
ORD01079,2025-03-05,CUST1094,Keyboard,Accessories,North,Lucknow,Consumer,Online,2,2100.83,0.08,3865.53,2310.91,1554.62,2025-03
ORD01080,2025-10-02,CUST1223,Office Chair,Furniture,North,Chandigarh,Corporate,Online,1,12863.93,0.15,10934.34,7975.64,2958.7,2025-10
ORD01081,2025-01-03,CUST1170,Desk,Furniture,West,Pune,Consumer,Online,1,15687.23,0.08,14432.25,9726.08,4706.17,2025-01
ORD01082,2025-01-17,CUST1282,Headphones,Electronics,East,Guwahati,Home Office,Distributor,1,3270.07,0.08,3008.46,2354.45,654.01,2025-01
ORD01083,2025-09-11,CUST1068,Headphones,Electronics,South,Kochi,Consumer,Distributor,5,3453.85,0.08,15887.71,12433.86,3453.85,2025-09
ORD01084,2025-02-26,CUST1027,Smartphone,Electronics,West,Pune,Consumer,Online,4,29698.45,0.02,116417.92,85531.54,30886.38,2025-02
ORD01085,2025-12-14,CUST1127,Desk,Furniture,South,Hyderabad,Consumer,Online,3,16067.36,0.08,44345.91,29885.29,14460.62,2025-12
ORD01086,2025-11-13,CUST1127,Headphones,Electronics,West,Pune,Consumer,Retail Store,5,3481.74,0.15,14797.39,12534.26,2263.13,2025-11
ORD01087,2025-12-08,CUST1323,Backpack,Accessories,North,Delhi,Corporate,Online,1,1832.66,0.1,1649.39,1007.96,641.43,2025-12
ORD01088,2025-11-21,CUST1219,Headphones,Electronics,North,Jaipur,Consumer,Online,1,3313.54,0.02,3247.27,2385.75,861.52,2025-11
ORD01089,2025-01-10,CUST1114,Printer,Electronics,North,Delhi,Consumer,Online,4,15100.22,0.02,59192.86,43488.63,15704.23,2025-01
ORD01090,2025-06-22,CUST1180,Backpack,Accessories,South,Kochi,Corporate,Online,2,1722.72,0.05,3273.17,1894.99,1378.18,2025-06
ORD01091,2025-12-31,CUST1109,Backpack,Accessories,South,Hyderabad,Consumer,Online,4,1927.51,0.05,7324.54,4240.52,3084.02,2025-12
ORD01092,2025-05-27,CUST1156,Keyboard,Accessories,South,Hyderabad,Consumer,Online,3,2252.68,0.05,6420.14,3716.92,2703.22,2025-05
ORD01093,2025-02-27,CUST1271,Smartphone,Electronics,East,Bhubaneswar,Consumer,Retail Store,2,28482.66,0.1,51268.79,41015.03,10253.76,2025-02
ORD01094,2025-11-06,CUST1323,Desk,Furniture,South,Chennai,Consumer,Online,6,15030.45,0.02,88379.05,55913.27,32465.78,2025-11
ORD01095,2025-11-05,CUST1317,Smartphone,Electronics,North,Jaipur,Consumer,Online,1,26793.4,0.1,24114.06,19291.25,4822.81,2025-11
ORD01096,2025-06-25,CUST1282,Office Chair,Furniture,West,Pune,Corporate,Online,1,11378.93,0.08,10468.62,7054.94,3413.68,2025-06
ORD01097,2025-12-31,CUST1035,Office Chair,Furniture,West,Ahmedabad,Home Office,Online,4,11463.33,0.08,42185.05,28429.06,13755.99,2025-12
ORD01098,2025-09-05,CUST1024,Backpack,Accessories,South,Hyderabad,Consumer,Online,8,1709.69,0.05,12993.64,7522.64,5471.0,2025-09
ORD01099,2025-10-17,CUST1039,Laptop,Electronics,West,Pune,Corporate,Online,4,67907.68,0.1,244467.65,195574.12,48893.53,2025-10
ORD01100,2025-03-26,CUST1095,Keyboard,Accessories,West,Surat,Corporate,Online,3,2147.24,0.02,6312.89,3542.95,2769.94,2025-03
ORD01101,2025-01-02,CUST1269,Headphones,Electronics,East,Kolkata,Home Office,Retail Store,2,3252.39,0.15,5529.06,4683.44,845.62,2025-01
ORD01102,2025-05-13,CUST1274,Office Chair,Furniture,West,Ahmedabad,Corporate,Retail Store,1,12900.68,0.0,12900.68,7998.42,4902.26,2025-05
ORD01103,2025-05-02,CUST1329,Office Chair,Furniture,North,Jaipur,Home Office,Online,1,12736.87,0.0,12736.87,7896.86,4840.01,2025-05
ORD01104,2025-05-08,CUST1043,Monitor,Electronics,South,Hyderabad,Corporate,Retail Store,8,19231.93,0.05,146162.67,110775.92,35386.75,2025-05
ORD01105,2025-12-28,CUST1321,Mouse,Accessories,South,Bengaluru,Consumer,Retail Store,2,1295.02,0.0,2590.04,1424.52,1165.52,2025-12
ORD01106,2025-01-06,CUST1055,Desk,Furniture,North,Lucknow,Consumer,Distributor,3,14217.35,0.1,38386.85,26444.27,11942.58,2025-01
ORD01107,2025-12-19,CUST1113,Backpack,Accessories,West,Ahmedabad,Home Office,Retail Store,3,1770.12,0.08,4885.53,2920.7,1964.83,2025-12
ORD01108,2025-06-16,CUST1076,Office Chair,Furniture,North,Chandigarh,Consumer,Online,4,12495.82,0.05,47484.12,30989.63,16494.49,2025-06
ORD01109,2025-09-03,CUST1093,Smartphone,Electronics,South,Kochi,Consumer,Distributor,1,28878.17,0.08,26567.92,20792.28,5775.64,2025-09
ORD01110,2025-11-28,CUST1036,Office Chair,Furniture,North,Jaipur,Home Office,Retail Store,4,11335.48,0.02,44435.08,28111.99,16323.09,2025-11
ORD01111,2025-03-15,CUST1071,Smartphone,Electronics,South,Kochi,Home Office,Distributor,1,29414.93,0.1,26473.44,21178.75,5294.69,2025-03
ORD01112,2025-01-07,CUST1023,Printer,Electronics,North,Chandigarh,Consumer,Retail Store,4,13382.75,0.15,45501.35,38542.32,6959.03,2025-01
ORD01113,2025-03-09,CUST1055,Monitor,Electronics,West,Ahmedabad,Consumer,Retail Store,1,17204.59,0.0,17204.59,12387.3,4817.29,2025-03
ORD01114,2025-10-05,CUST1084,Desk,Furniture,West,Mumbai,Consumer,Online,3,15088.74,0.08,41644.92,28065.06,13579.86,2025-10
ORD01115,2025-06-07,CUST1011,Desk,Furniture,South,Bengaluru,Consumer,Retail Store,3,15223.06,0.0,45669.18,28314.89,17354.29,2025-06
ORD01116,2025-01-23,CUST1013,Smartphone,Electronics,East,Kolkata,Consumer,Retail Store,1,28358.79,0.02,27791.61,20418.33,7373.28,2025-01
ORD01117,2025-04-27,CUST1058,Backpack,Accessories,South,Chennai,Corporate,Online,5,1682.35,0.08,7738.81,4626.46,3112.35,2025-04
ORD01118,2025-09-09,CUST1171,Headphones,Electronics,West,Pune,Consumer,Distributor,2,3711.38,0.1,6680.48,5344.39,1336.09,2025-09
ORD01119,2025-03-02,CUST1172,Desk,Furniture,West,Mumbai,Home Office,Retail Store,1,14437.44,0.1,12993.7,8951.21,4042.49,2025-03
ORD01120,2025-11-04,CUST1179,Headphones,Electronics,East,Bhubaneswar,Home Office,Retail Store,3,3292.53,0.05,9383.71,7111.86,2271.85,2025-11
ORD01121,2025-02-23,CUST1002,Office Chair,Furniture,West,Ahmedabad,Home Office,Retail Store,4,12746.4,0.0,50985.6,31611.07,19374.53,2025-02
ORD01122,2025-03-18,CUST1058,Headphones,Electronics,South,Kochi,Consumer,Retail Store,8,3755.16,0.0,30041.28,21629.72,8411.56,2025-03
ORD01123,2025-10-23,CUST1181,Backpack,Accessories,West,Ahmedabad,Consumer,Online,1,1904.29,0.08,1751.95,1047.36,704.59,2025-10
ORD01124,2025-06-13,CUST1126,Keyboard,Accessories,South,Kochi,Corporate,Retail Store,1,2308.95,0.15,1962.61,1269.92,692.69,2025-06
ORD01125,2025-07-16,CUST1216,Backpack,Accessories,East,Guwahati,Corporate,Retail Store,2,1844.71,0.1,3320.48,2029.18,1291.3,2025-07
ORD01126,2025-09-27,CUST1186,Printer,Electronics,West,Pune,Corporate,Online,1,14113.92,0.0,14113.92,10162.02,3951.9,2025-09
ORD01127,2025-10-13,CUST1151,Keyboard,Accessories,West,Mumbai,Consumer,Online,5,2054.62,0.02,10067.64,5650.2,4417.44,2025-10
ORD01128,2025-08-24,CUST1061,Headphones,Electronics,West,Surat,Consumer,Retail Store,1,3448.73,0.02,3379.76,2483.09,896.67,2025-08
ORD01129,2025-12-23,CUST1340,Headphones,Electronics,South,Hyderabad,Corporate,Online,1,3428.71,0.0,3428.71,2468.67,960.04,2025-12
ORD01130,2025-10-25,CUST1007,Smartphone,Electronics,South,Bengaluru,Consumer,Online,1,26923.7,0.0,26923.7,19385.06,7538.64,2025-10
ORD01131,2025-10-19,CUST1241,Backpack,Accessories,North,Jaipur,Consumer,Online,3,1864.34,0.05,5313.37,3076.16,2237.21,2025-10
ORD01132,2025-07-30,CUST1310,Desk,Furniture,South,Hyderabad,Consumer,Online,5,14990.1,0.0,74950.5,46469.31,28481.19,2025-07
ORD01133,2025-03-30,CUST1133,Mouse,Accessories,North,Chandigarh,Home Office,Retail Store,5,1119.56,0.1,5038.02,3078.79,1959.23,2025-03
ORD01134,2025-10-20,CUST1194,Mouse,Accessories,South,Bengaluru,Consumer,Online,8,1146.28,0.1,8253.22,5043.63,3209.59,2025-10
ORD01135,2025-03-06,CUST1310,Monitor,Electronics,South,Hyderabad,Consumer,Online,4,18527.79,0.1,66700.04,53360.04,13340.0,2025-03
ORD01136,2025-02-09,CUST1218,Keyboard,Accessories,South,Kochi,Home Office,Online,5,2050.8,0.15,8715.9,5639.7,3076.2,2025-02
ORD01137,2025-04-10,CUST1145,Office Chair,Furniture,North,Delhi,Consumer,Retail Store,2,12674.32,0.02,24841.67,15716.16,9125.51,2025-04
ORD01138,2025-03-25,CUST1104,Mouse,Accessories,North,Jaipur,Corporate,Retail Store,2,1199.07,0.1,2158.33,1318.98,839.35,2025-03
ORD01139,2025-11-23,CUST1024,Laptop,Electronics,South,Hyderabad,Home Office,Retail Store,3,64798.1,0.08,178842.76,139963.9,38878.86,2025-11
ORD01140,2025-01-25,CUST1257,Desk,Furniture,North,Lucknow,Consumer,Online,2,15221.78,0.08,28008.08,18875.01,9133.07,2025-01
ORD01141,2025-04-10,CUST1258,Desk,Furniture,West,Ahmedabad,Home Office,Retail Store,1,15779.23,0.08,14516.89,9783.12,4733.77,2025-04
ORD01142,2025-02-21,CUST1149,Mouse,Accessories,West,Pune,Consumer,Retail Store,3,1170.78,0.0,3512.34,1931.79,1580.55,2025-02
ORD01143,2025-03-24,CUST1349,Headphones,Electronics,East,Kolkata,Home Office,Online,4,3599.69,0.02,14110.78,10367.11,3743.67,2025-03
ORD01144,2025-12-01,CUST1334,Headphones,Electronics,West,Pune,Home Office,Online,10,3536.81,0.1,31831.29,25465.03,6366.26,2025-12
ORD01145,2025-09-25,CUST1021,Desk,Furniture,South,Bengaluru,Consumer,Online,5,14440.87,0.08,66428.0,44766.7,21661.3,2025-09
ORD01146,2025-12-31,CUST1008,Backpack,Accessories,South,Hyderabad,Home Office,Retail Store,10,1909.05,0.0,19090.5,10499.78,8590.72,2025-12
ORD01147,2025-03-15,CUST1083,Office Chair,Furniture,East,Kolkata,Consumer,Online,1,12571.06,0.05,11942.51,7794.06,4148.45,2025-03
ORD01148,2025-02-04,CUST1243,Office Chair,Furniture,East,Patna,Consumer,Online,4,12304.23,0.05,46756.07,30514.49,16241.58,2025-02
ORD01149,2025-05-12,CUST1147,Keyboard,Accessories,East,Bhubaneswar,Home Office,Distributor,3,2323.4,0.05,6621.69,3833.61,2788.08,2025-05
ORD01150,2025-07-25,CUST1192,Backpack,Accessories,West,Pune,Consumer,Online,3,1905.78,0.05,5431.47,3144.54,2286.93,2025-07
ORD01151,2025-02-12,CUST1030,Backpack,Accessories,South,Chennai,Home Office,Distributor,1,1860.01,0.15,1581.01,1023.01,558.0,2025-02
ORD01152,2025-05-06,CUST1115,Mouse,Accessories,North,Delhi,Consumer,Online,2,1264.71,0.0,2529.42,1391.18,1138.24,2025-05
ORD01153,2025-07-18,CUST1056,Keyboard,Accessories,East,Patna,Consumer,Retail Store,6,2269.51,0.08,12527.7,7489.38,5038.32,2025-07
ORD01154,2025-02-13,CUST1176,Headphones,Electronics,West,Surat,Corporate,Online,2,3600.88,0.05,6841.67,5185.27,1656.4,2025-02
ORD01155,2025-11-06,CUST1075,Keyboard,Accessories,North,Chandigarh,Consumer,Online,3,2241.75,0.08,6187.23,3698.89,2488.34,2025-11
ORD01156,2025-11-24,CUST1221,Monitor,Electronics,South,Hyderabad,Home Office,Retail Store,1,18727.82,0.05,17791.43,13484.03,4307.4,2025-11
ORD01157,2025-08-31,CUST1091,Monitor,Electronics,North,Delhi,Home Office,Retail Store,2,17016.78,0.15,28928.53,24504.16,4424.37,2025-08
ORD01158,2025-02-12,CUST1269,Headphones,Electronics,North,Chandigarh,Consumer,Distributor,2,3713.29,0.08,6832.45,5347.14,1485.31,2025-02
ORD01159,2025-04-20,CUST1085,Office Chair,Furniture,North,Delhi,Consumer,Distributor,2,12713.94,0.05,24156.49,15765.29,8391.2,2025-04
ORD01160,2025-04-12,CUST1224,Desk,Furniture,West,Surat,Consumer,Retail Store,1,13870.19,0.15,11789.66,8599.52,3190.14,2025-04
ORD01161,2025-07-01,CUST1342,Printer,Electronics,South,Hyderabad,Corporate,Distributor,1,14729.83,0.15,12520.36,10605.48,1914.88,2025-07
ORD01162,2025-10-24,CUST1163,Printer,Electronics,North,Lucknow,Consumer,Distributor,6,13168.67,0.08,72691.06,56888.65,15802.41,2025-10
ORD01163,2025-02-28,CUST1231,Backpack,Accessories,South,Hyderabad,Home Office,Distributor,5,1752.51,0.15,7448.17,4819.4,2628.77,2025-02
ORD01164,2025-11-24,CUST1308,Printer,Electronics,North,Jaipur,Corporate,Online,4,14545.46,0.02,57018.2,41890.92,15127.28,2025-11
ORD01165,2025-07-13,CUST1009,Monitor,Electronics,South,Bengaluru,Home Office,Retail Store,1,17022.99,0.05,16171.84,12256.55,3915.29,2025-07
ORD01166,2025-06-04,CUST1181,Office Chair,Furniture,South,Hyderabad,Corporate,Retail Store,2,12610.5,0.08,23203.32,15637.02,7566.3,2025-06
ORD01167,2025-06-30,CUST1284,Mouse,Accessories,South,Chennai,Consumer,Online,2,1263.77,0.02,2476.99,1390.15,1086.84,2025-06
ORD01168,2025-11-01,CUST1146,Headphones,Electronics,East,Guwahati,Consumer,Retail Store,4,3504.18,0.15,11914.21,10092.04,1822.17,2025-11
ORD01169,2025-12-26,CUST1009,Printer,Electronics,West,Mumbai,Home Office,Retail Store,1,12894.3,0.15,10960.15,9283.9,1676.25,2025-12
ORD01170,2025-11-12,CUST1149,Backpack,Accessories,North,Delhi,Corporate,Online,5,1738.67,0.15,7389.35,4781.34,2608.01,2025-11
ORD01171,2025-08-04,CUST1180,Monitor,Electronics,North,Chandigarh,Corporate,Online,5,18336.75,0.0,91683.75,66012.3,25671.45,2025-08
ORD01172,2025-08-26,CUST1138,Backpack,Accessories,West,Surat,Consumer,Online,2,1938.58,0.05,3683.3,2132.44,1550.86,2025-08
ORD01173,2025-12-04,CUST1008,Office Chair,Furniture,South,Kochi,Corporate,Online,6,12253.08,0.0,73518.48,45581.46,27937.02,2025-12
ORD01174,2025-01-14,CUST1285,Headphones,Electronics,West,Ahmedabad,Consumer,Distributor,10,3365.49,0.02,32981.8,24231.53,8750.27,2025-01
ORD01175,2025-07-20,CUST1326,Monitor,Electronics,East,Guwahati,Home Office,Retail Store,3,18385.94,0.02,54054.66,39713.63,14341.03,2025-07
ORD01176,2025-07-19,CUST1259,Headphones,Electronics,South,Chennai,Consumer,Online,1,3522.39,0.02,3451.94,2536.12,915.82,2025-07
ORD01177,2025-03-02,CUST1048,Printer,Electronics,West,Ahmedabad,Home Office,Online,2,14626.85,0.0,29253.7,21062.66,8191.04,2025-03
ORD01178,2025-01-14,CUST1293,Backpack,Accessories,North,Jaipur,Consumer,Retail Store,6,1686.81,0.0,10120.86,5566.47,4554.39,2025-01
ORD01179,2025-07-15,CUST1123,Laptop,Electronics,West,Pune,Home Office,Retail Store,4,67714.69,0.02,265441.58,195018.31,70423.27,2025-07
ORD01180,2025-12-01,CUST1338,Monitor,Electronics,South,Bengaluru,Corporate,Retail Store,2,18118.85,0.05,34425.81,26091.14,8334.67,2025-12
ORD01181,2025-01-27,CUST1057,Office Chair,Furniture,North,Jaipur,Corporate,Retail Store,3,12888.94,0.0,38666.82,23973.43,14693.39,2025-01
ORD01182,2025-08-24,CUST1186,Printer,Electronics,North,Jaipur,Consumer,Distributor,1,13645.79,0.08,12554.13,9824.97,2729.16,2025-08
ORD01183,2025-04-17,CUST1215,Backpack,Accessories,North,Delhi,Consumer,Online,3,1838.2,0.02,5404.31,3033.03,2371.28,2025-04
ORD01184,2025-07-12,CUST1338,Desk,Furniture,East,Guwahati,Corporate,Online,1,16036.87,0.02,15716.13,9942.86,5773.27,2025-07
ORD01185,2025-10-18,CUST1308,Printer,Electronics,West,Mumbai,Home Office,Distributor,3,13109.62,0.1,35395.97,28316.78,7079.19,2025-10
ORD01186,2025-10-07,CUST1266,Laptop,Electronics,North,Lucknow,Home Office,Online,1,69547.18,0.0,69547.18,50073.97,19473.21,2025-10
ORD01187,2025-09-20,CUST1043,Headphones,Electronics,North,Lucknow,Consumer,Online,2,3605.22,0.02,7066.23,5191.52,1874.71,2025-09
ORD01188,2025-12-21,CUST1151,Headphones,Electronics,South,Kochi,Consumer,Online,4,3257.99,0.15,11077.17,9383.01,1694.16,2025-12
ORD01189,2025-08-28,CUST1144,Keyboard,Accessories,South,Kochi,Home Office,Online,1,2129.94,0.15,1810.45,1171.47,638.98,2025-08
ORD01190,2025-07-21,CUST1229,Smartphone,Electronics,East,Patna,Consumer,Online,4,28932.61,0.08,106472.0,83325.92,23146.08,2025-07
ORD01191,2025-08-05,CUST1181,Printer,Electronics,West,Ahmedabad,Corporate,Retail Store,2,13030.87,0.1,23455.57,18764.45,4691.12,2025-08
ORD01192,2025-07-11,CUST1331,Smartphone,Electronics,South,Hyderabad,Home Office,Online,2,28368.12,0.1,51062.62,40850.09,10212.53,2025-07
ORD01193,2025-09-29,CUST1126,Desk,Furniture,South,Hyderabad,Consumer,Online,5,14630.12,0.05,69493.07,45353.37,24139.7,2025-09
ORD01194,2025-02-07,CUST1006,Monitor,Electronics,East,Patna,Consumer,Online,1,18348.24,0.15,15596.0,13210.73,2385.27,2025-02
ORD01195,2025-06-18,CUST1109,Monitor,Electronics,South,Chennai,Home Office,Retail Store,2,16691.74,0.1,30045.13,24036.11,6009.02,2025-06
ORD01196,2025-09-27,CUST1039,Monitor,Electronics,North,Lucknow,Corporate,Distributor,5,19070.03,0.15,81047.63,68652.11,12395.52,2025-09
ORD01197,2025-10-21,CUST1256,Backpack,Accessories,East,Guwahati,Consumer,Online,1,1936.36,0.08,1781.45,1065.0,716.45,2025-10
ORD01198,2025-01-24,CUST1296,Office Chair,Furniture,South,Hyderabad,Consumer,Retail Store,3,12900.25,0.02,37926.74,23994.47,13932.27,2025-01
ORD01199,2025-01-11,CUST1019,Office Chair,Furniture,North,Delhi,Home Office,Online,5,12479.33,0.08,57404.92,38685.92,18719.0,2025-01
ORD01200,2025-10-01,CUST1155,Mouse,Accessories,North,Delhi,Consumer,Online,5,1128.98,0.15,4798.16,3104.7,1693.46,2025-10
ORD01201,2025-05-21,CUST1202,Desk,Furniture,West,Surat,Consumer,Retail Store,3,15619.83,0.0,46859.49,29052.88,17806.61,2025-05
ORD01202,2025-06-02,CUST1025,Keyboard,Accessories,South,Hyderabad,Home Office,Distributor,1,2032.65,0.02,1992.0,1117.96,874.04,2025-06
ORD01203,2025-01-06,CUST1098,Headphones,Electronics,North,Lucknow,Home Office,Retail Store,2,3232.39,0.0,6464.78,4654.64,1810.14,2025-01
ORD01204,2025-07-08,CUST1039,Mouse,Accessories,West,Mumbai,Consumer,Retail Store,1,1166.13,0.05,1107.82,641.37,466.45,2025-07
ORD01205,2025-05-16,CUST1062,Desk,Furniture,East,Guwahati,Consumer,Online,1,14972.74,0.08,13774.92,9283.1,4491.82,2025-05
ORD01206,2025-03-06,CUST1296,Desk,Furniture,West,Surat,Corporate,Retail Store,3,15648.98,0.02,46008.0,29107.1,16900.9,2025-03
ORD01207,2025-09-02,CUST1043,Keyboard,Accessories,West,Ahmedabad,Corporate,Online,1,2264.52,0.05,2151.29,1245.49,905.8,2025-09
ORD01208,2025-06-30,CUST1039,Mouse,Accessories,West,Pune,Corporate,Retail Store,1,1189.61,0.0,1189.61,654.29,535.32,2025-06
ORD01209,2025-09-11,CUST1107,Laptop,Electronics,North,Jaipur,Consumer,Online,3,62645.72,0.05,178540.3,135314.76,43225.54,2025-09
ORD01210,2025-10-30,CUST1259,Mouse,Accessories,South,Chennai,Corporate,Online,2,1295.45,0.02,2539.08,1425.0,1114.08,2025-10
ORD01211,2025-02-24,CUST1205,Headphones,Electronics,North,Lucknow,Consumer,Online,3,3458.66,0.02,10168.46,7470.71,2697.75,2025-02
ORD01212,2025-04-07,CUST1076,Smartphone,Electronics,South,Bengaluru,Corporate,Distributor,3,27782.21,0.0,83346.63,60009.57,23337.06,2025-04
ORD01213,2025-08-25,CUST1339,Smartphone,Electronics,West,Pune,Consumer,Online,2,26493.03,0.08,48747.18,38149.96,10597.22,2025-08
ORD01214,2025-09-29,CUST1204,Keyboard,Accessories,South,Hyderabad,Home Office,Online,2,2303.77,0.02,4515.39,2534.15,1981.24,2025-09
ORD01215,2025-09-15,CUST1217,Backpack,Accessories,South,Hyderabad,Consumer,Online,1,1855.78,0.08,1707.32,1020.68,686.64,2025-09
ORD01216,2025-04-10,CUST1056,Office Chair,Furniture,North,Jaipur,Corporate,Online,3,11463.88,0.08,31640.31,21322.82,10317.49,2025-04
ORD01217,2025-12-15,CUST1123,Laptop,Electronics,East,Kolkata,Consumer,Online,1,60656.76,0.05,57623.92,43672.87,13951.05,2025-12
ORD01218,2025-02-03,CUST1052,Mouse,Accessories,North,Jaipur,Home Office,Retail Store,2,1234.66,0.08,2271.77,1358.13,913.64,2025-02
ORD01219,2025-04-23,CUST1148,Office Chair,Furniture,South,Bengaluru,Corporate,Online,2,12296.66,0.1,22133.99,15247.86,6886.13,2025-04
ORD01220,2025-01-02,CUST1162,Smartphone,Electronics,North,Chandigarh,Corporate,Distributor,4,26984.2,0.02,105778.06,77714.5,28063.56,2025-01
ORD01221,2025-12-15,CUST1220,Smartphone,Electronics,North,Lucknow,Home Office,Online,1,30019.87,0.08,27618.28,21614.31,6003.97,2025-12
ORD01222,2025-06-21,CUST1305,Laptop,Electronics,North,Lucknow,Home Office,Online,4,61371.0,0.0,245484.0,176748.48,68735.52,2025-06
ORD01223,2025-06-30,CUST1291,Keyboard,Accessories,East,Guwahati,Home Office,Online,1,2176.18,0.0,2176.18,1196.9,979.28,2025-06
ORD01224,2025-12-15,CUST1172,Office Chair,Furniture,West,Pune,Corporate,Retail Store,1,12851.74,0.15,10923.98,7968.08,2955.9,2025-12
ORD01225,2025-08-20,CUST1155,Keyboard,Accessories,West,Ahmedabad,Corporate,Online,2,2171.74,0.05,4126.31,2388.91,1737.4,2025-08
ORD01226,2025-12-30,CUST1076,Desk,Furniture,West,Surat,Consumer,Retail Store,4,15332.46,0.0,61329.84,38024.5,23305.34,2025-12
ORD01227,2025-07-30,CUST1221,Monitor,Electronics,East,Bhubaneswar,Consumer,Online,3,17705.07,0.15,45147.93,38242.95,6904.98,2025-07
ORD01228,2025-07-04,CUST1321,Monitor,Electronics,West,Pune,Home Office,Online,1,17349.74,0.05,16482.25,12491.81,3990.44,2025-07
ORD01229,2025-12-14,CUST1179,Mouse,Accessories,West,Surat,Home Office,Distributor,1,1292.92,0.15,1098.98,711.11,387.87,2025-12
ORD01230,2025-06-19,CUST1314,Backpack,Accessories,East,Patna,Consumer,Online,3,1773.89,0.05,5055.59,2926.92,2128.67,2025-06
ORD01231,2025-03-04,CUST1076,Backpack,Accessories,West,Ahmedabad,Consumer,Distributor,3,1913.5,0.15,4879.43,3157.28,1722.15,2025-03
ORD01232,2025-08-27,CUST1034,Headphones,Electronics,South,Chennai,Corporate,Retail Store,2,3348.77,0.05,6362.66,4822.23,1540.43,2025-08
ORD01233,2025-05-31,CUST1003,Laptop,Electronics,South,Bengaluru,Consumer,Retail Store,1,62016.29,0.05,58915.48,44651.73,14263.75,2025-05
ORD01234,2025-08-09,CUST1341,Desk,Furniture,East,Kolkata,Consumer,Online,5,13874.72,0.1,62436.24,43011.63,19424.61,2025-08
ORD01235,2025-10-15,CUST1149,Headphones,Electronics,West,Ahmedabad,Consumer,Retail Store,2,3584.93,0.0,7169.86,5162.3,2007.56,2025-10
ORD01236,2025-04-23,CUST1051,Laptop,Electronics,South,Chennai,Consumer,Retail Store,2,63632.67,0.08,117084.11,91631.04,25453.07,2025-04
ORD01237,2025-05-14,CUST1072,Office Chair,Furniture,East,Bhubaneswar,Corporate,Retail Store,2,12699.57,0.1,22859.23,15747.47,7111.76,2025-05
ORD01238,2025-12-16,CUST1322,Monitor,Electronics,South,Kochi,Corporate,Online,1,17922.84,0.1,16130.56,12904.44,3226.12,2025-12
ORD01239,2025-08-25,CUST1184,Mouse,Accessories,North,Chandigarh,Consumer,Online,4,1289.89,0.1,4643.6,2837.76,1805.84,2025-08
ORD01240,2025-08-28,CUST1216,Desk,Furniture,South,Kochi,Home Office,Online,6,14245.26,0.0,85471.56,52992.37,32479.19,2025-08
ORD01241,2025-02-15,CUST1279,Headphones,Electronics,East,Patna,Corporate,Retail Store,2,3706.43,0.1,6671.57,5337.26,1334.31,2025-02
ORD01242,2025-10-17,CUST1236,Office Chair,Furniture,North,Chandigarh,Consumer,Retail Store,2,12531.07,0.1,22555.93,15538.53,7017.4,2025-10
ORD01243,2025-01-28,CUST1170,Smartphone,Electronics,North,Delhi,Consumer,Online,2,29213.73,0.08,53753.26,42067.77,11685.49,2025-01
ORD01244,2025-02-01,CUST1070,Smartphone,Electronics,West,Mumbai,Corporate,Online,3,29544.63,0.08,81543.18,63816.4,17726.78,2025-02
ORD01245,2025-04-25,CUST1103,Headphones,Electronics,South,Chennai,Corporate,Distributor,5,3646.17,0.1,16407.76,13126.21,3281.55,2025-04
ORD01246,2025-02-28,CUST1259,Smartphone,Electronics,North,Delhi,Consumer,Online,1,28565.47,0.0,28565.47,20567.14,7998.33,2025-02
ORD01247,2025-08-16,CUST1280,Backpack,Accessories,North,Delhi,Consumer,Online,1,1693.8,0.02,1659.92,931.59,728.33,2025-08
ORD01248,2025-05-14,CUST1337,Printer,Electronics,East,Kolkata,Consumer,Retail Store,1,12952.86,0.15,11009.93,9326.06,1683.87,2025-05
ORD01249,2025-05-04,CUST1253,Headphones,Electronics,South,Bengaluru,Consumer,Online,4,3735.67,0.1,13448.41,10758.73,2689.68,2025-05
ORD01250,2025-07-08,CUST1235,Office Chair,Furniture,South,Hyderabad,Consumer,Retail Store,1,12223.97,0.05,11612.77,7578.86,4033.91,2025-07
ORD01251,2025-03-03,CUST1022,Printer,Electronics,South,Chennai,Consumer,Retail Store,3,14664.24,0.08,40473.3,31674.76,8798.54,2025-03
ORD01252,2025-07-01,CUST1108,Headphones,Electronics,South,Kochi,Consumer,Distributor,2,3489.65,0.1,6281.37,5025.1,1256.27,2025-07
ORD01253,2025-06-28,CUST1174,Mouse,Accessories,South,Hyderabad,Consumer,Online,3,1126.52,0.1,3041.6,1858.76,1182.84,2025-06
ORD01254,2025-08-24,CUST1193,Headphones,Electronics,South,Chennai,Home Office,Online,5,3290.1,0.08,15134.46,11844.36,3290.1,2025-08
ORD01255,2025-08-30,CUST1300,Printer,Electronics,East,Patna,Consumer,Online,8,14415.67,0.05,109559.09,83034.26,26524.83,2025-08
ORD01256,2025-11-13,CUST1256,Backpack,Accessories,North,Delhi,Home Office,Online,1,1779.93,0.0,1779.93,978.96,800.97,2025-11
ORD01257,2025-12-14,CUST1054,Keyboard,Accessories,South,Bengaluru,Home Office,Retail Store,4,2094.58,0.02,8210.75,4608.08,3602.67,2025-12
ORD01258,2025-03-31,CUST1038,Backpack,Accessories,West,Surat,Home Office,Online,2,1797.58,0.0,3595.16,1977.34,1617.82,2025-03
ORD01259,2025-08-15,CUST1069,Desk,Furniture,East,Kolkata,Home Office,Online,4,13954.1,0.08,51351.09,34606.17,16744.92,2025-08
ORD01260,2025-11-23,CUST1083,Printer,Electronics,East,Bhubaneswar,Consumer,Online,2,14183.62,0.02,27799.9,20424.41,7375.49,2025-11
ORD01261,2025-08-11,CUST1105,Mouse,Accessories,West,Pune,Consumer,Online,8,1155.65,0.0,9245.2,5084.86,4160.34,2025-08
ORD01262,2025-01-18,CUST1095,Headphones,Electronics,West,Ahmedabad,Corporate,Retail Store,5,3666.63,0.05,17416.49,13199.87,4216.62,2025-01
ORD01263,2025-12-16,CUST1287,Mouse,Accessories,South,Bengaluru,Corporate,Online,2,1163.59,0.1,2094.46,1279.95,814.51,2025-12
ORD01264,2025-03-12,CUST1153,Smartphone,Electronics,South,Kochi,Home Office,Retail Store,1,27799.39,0.1,25019.45,20015.56,5003.89,2025-03
ORD01265,2025-02-21,CUST1129,Smartphone,Electronics,South,Hyderabad,Corporate,Online,2,25812.06,0.05,49042.91,37169.37,11873.54,2025-02
ORD01266,2025-07-19,CUST1313,Desk,Furniture,North,Jaipur,Home Office,Online,3,13973.87,0.1,37729.45,25991.4,11738.05,2025-07
ORD01267,2025-09-14,CUST1335,Office Chair,Furniture,South,Hyderabad,Corporate,Distributor,3,11793.59,0.05,33611.73,21936.08,11675.65,2025-09
ORD01268,2025-01-16,CUST1281,Laptop,Electronics,South,Chennai,Consumer,Distributor,1,64791.36,0.02,63495.53,46649.78,16845.75,2025-01
ORD01269,2025-06-18,CUST1178,Laptop,Electronics,South,Hyderabad,Corporate,Retail Store,3,66040.21,0.0,198120.63,142646.85,55473.78,2025-06
ORD01270,2025-02-06,CUST1022,Backpack,Accessories,East,Kolkata,Home Office,Online,1,1740.0,0.15,1479.0,957.0,522.0,2025-02
ORD01271,2025-02-23,CUST1011,Laptop,Electronics,South,Bengaluru,Corporate,Online,2,67027.81,0.02,131374.51,96520.05,34854.46,2025-02
ORD01272,2025-01-29,CUST1010,Laptop,Electronics,West,Pune,Corporate,Distributor,4,68745.27,0.15,233733.92,197986.38,35747.54,2025-01
ORD01273,2025-10-10,CUST1060,Keyboard,Accessories,North,Chandigarh,Corporate,Online,2,2298.51,0.02,4505.08,2528.36,1976.72,2025-10
ORD01274,2025-08-13,CUST1119,Smartphone,Electronics,West,Ahmedabad,Consumer,Online,6,25937.49,0.02,152512.44,112049.96,40462.48,2025-08
ORD01275,2025-02-17,CUST1024,Printer,Electronics,North,Chandigarh,Corporate,Distributor,5,13956.34,0.1,62803.53,50242.82,12560.71,2025-02
ORD01276,2025-01-08,CUST1180,Monitor,Electronics,West,Mumbai,Consumer,Online,2,16862.2,0.05,32038.18,24281.57,7756.61,2025-01
ORD01277,2025-11-05,CUST1040,Monitor,Electronics,West,Pune,Corporate,Online,1,17257.09,0.0,17257.09,12425.1,4831.99,2025-11
ORD01278,2025-05-09,CUST1188,Mouse,Accessories,North,Lucknow,Home Office,Distributor,2,1293.44,0.05,2457.54,1422.78,1034.76,2025-05
ORD01279,2025-10-10,CUST1054,Office Chair,Furniture,West,Pune,Corporate,Online,4,11313.59,0.1,40728.92,28057.7,12671.22,2025-10
ORD01280,2025-01-28,CUST1119,Desk,Furniture,West,Surat,Consumer,Online,1,14997.33,0.1,13497.6,9298.34,4199.26,2025-01
ORD01281,2025-06-06,CUST1226,Mouse,Accessories,North,Lucknow,Corporate,Retail Store,1,1222.69,0.02,1198.24,672.48,525.76,2025-06
ORD01282,2025-11-29,CUST1154,Keyboard,Accessories,West,Mumbai,Consumer,Online,2,2271.27,0.08,4179.14,2498.4,1680.74,2025-11
ORD01283,2025-02-13,CUST1115,Laptop,Electronics,South,Kochi,Consumer,Distributor,2,65620.35,0.0,131240.7,94493.3,36747.4,2025-02
ORD01284,2025-04-16,CUST1014,Backpack,Accessories,North,Chandigarh,Corporate,Retail Store,1,1658.81,0.05,1575.87,912.35,663.52,2025-04
ORD01285,2025-11-08,CUST1319,Desk,Furniture,West,Ahmedabad,Corporate,Retail Store,4,14583.51,0.05,55417.34,36167.1,19250.24,2025-11
ORD01286,2025-08-11,CUST1148,Backpack,Accessories,West,Mumbai,Corporate,Retail Store,8,1805.1,0.15,12274.68,7942.44,4332.24,2025-08
ORD01287,2025-10-01,CUST1068,Keyboard,Accessories,South,Chennai,Consumer,Online,4,2054.93,0.02,8055.33,4520.85,3534.48,2025-10
ORD01288,2025-01-08,CUST1293,Office Chair,Furniture,West,Ahmedabad,Consumer,Online,3,11713.2,0.05,33382.62,21786.55,11596.07,2025-01
ORD01289,2025-07-22,CUST1007,Laptop,Electronics,East,Patna,Consumer,Online,3,60145.31,0.1,162392.34,129913.87,32478.47,2025-07
ORD01290,2025-03-05,CUST1226,Office Chair,Furniture,East,Patna,Home Office,Retail Store,2,11190.87,0.0,22381.74,13876.68,8505.06,2025-03
ORD01291,2025-01-05,CUST1297,Keyboard,Accessories,North,Lucknow,Consumer,Retail Store,2,2163.72,0.0,4327.44,2380.09,1947.35,2025-01
ORD01292,2025-02-10,CUST1133,Office Chair,Furniture,West,Ahmedabad,Home Office,Online,2,11294.81,0.05,21460.14,14005.56,7454.58,2025-02
ORD01293,2025-09-11,CUST1336,Headphones,Electronics,North,Jaipur,Consumer,Retail Store,1,3537.82,0.0,3537.82,2547.23,990.59,2025-09
ORD01294,2025-01-20,CUST1133,Headphones,Electronics,East,Guwahati,Corporate,Online,4,3606.1,0.0,14424.4,10385.57,4038.83,2025-01
ORD01295,2025-05-12,CUST1040,Laptop,Electronics,East,Patna,Corporate,Online,2,68126.1,0.0,136252.2,98101.58,38150.62,2025-05
ORD01296,2025-09-17,CUST1213,Keyboard,Accessories,North,Delhi,Consumer,Online,2,2094.45,0.15,3560.56,2303.89,1256.67,2025-09
ORD01297,2025-02-06,CUST1334,Backpack,Accessories,West,Pune,Consumer,Retail Store,2,1704.23,0.08,3135.78,1874.65,1261.13,2025-02
ORD01298,2025-07-11,CUST1303,Keyboard,Accessories,West,Ahmedabad,Corporate,Online,1,2060.81,0.02,2019.59,1133.45,886.14,2025-07
ORD01299,2025-01-14,CUST1177,Smartphone,Electronics,East,Patna,Consumer,Retail Store,3,28611.21,0.1,77250.27,61800.21,15450.06,2025-01
ORD01300,2025-04-21,CUST1041,Backpack,Accessories,West,Mumbai,Corporate,Online,4,1859.47,0.15,6322.2,4090.83,2231.37,2025-04
ORD01301,2025-02-09,CUST1311,Monitor,Electronics,East,Guwahati,Corporate,Online,5,16650.97,0.0,83254.85,59943.49,23311.36,2025-02
ORD01302,2025-08-30,CUST1169,Mouse,Accessories,South,Chennai,Consumer,Retail Store,2,1283.75,0.02,2516.15,1412.13,1104.02,2025-08
ORD01303,2025-05-05,CUST1210,Desk,Furniture,South,Chennai,Corporate,Online,2,13924.73,0.15,23672.04,17266.67,6405.37,2025-05
ORD01304,2025-07-05,CUST1215,Smartphone,Electronics,South,Hyderabad,Home Office,Retail Store,3,28185.01,0.08,77790.63,60879.62,16911.01,2025-07
ORD01305,2025-04-28,CUST1300,Printer,Electronics,West,Pune,Home Office,Online,6,14468.3,0.15,73788.33,62503.06,11285.27,2025-04
ORD01306,2025-12-07,CUST1076,Headphones,Electronics,East,Patna,Consumer,Online,2,3707.74,0.1,6673.93,5339.15,1334.78,2025-12
ORD01307,2025-10-22,CUST1215,Keyboard,Accessories,East,Bhubaneswar,Home Office,Distributor,1,2275.36,0.0,2275.36,1251.45,1023.91,2025-10
ORD01308,2025-05-15,CUST1013,Mouse,Accessories,West,Surat,Corporate,Online,1,1257.93,0.08,1157.3,691.86,465.44,2025-05
ORD01309,2025-12-20,CUST1182,Headphones,Electronics,West,Pune,Consumer,Online,2,3410.09,0.08,6274.57,4910.53,1364.04,2025-12
ORD01310,2025-03-07,CUST1303,Backpack,Accessories,East,Bhubaneswar,Corporate,Online,6,1890.67,0.05,10776.82,6239.21,4537.61,2025-03
ORD01311,2025-11-08,CUST1323,Printer,Electronics,North,Delhi,Consumer,Distributor,8,13059.46,0.08,96117.63,75222.49,20895.14,2025-11
ORD01312,2025-08-19,CUST1261,Backpack,Accessories,South,Kochi,Corporate,Retail Store,4,1913.71,0.1,6889.36,4210.16,2679.2,2025-08
ORD01313,2025-02-12,CUST1261,Headphones,Electronics,West,Ahmedabad,Corporate,Online,2,3526.65,0.02,6912.23,5078.38,1833.85,2025-02
ORD01314,2025-10-29,CUST1269,Office Chair,Furniture,West,Mumbai,Consumer,Online,1,12609.21,0.1,11348.29,7817.71,3530.58,2025-10
ORD01315,2025-10-24,CUST1022,Mouse,Accessories,West,Surat,Consumer,Online,4,1190.85,0.02,4668.13,2619.87,2048.26,2025-10
ORD01316,2025-04-18,CUST1250,Backpack,Accessories,South,Chennai,Consumer,Online,1,1841.35,0.05,1749.28,1012.74,736.54,2025-04
ORD01317,2025-08-13,CUST1119,Monitor,Electronics,West,Ahmedabad,Home Office,Online,3,18076.04,0.0,54228.12,39044.25,15183.87,2025-08
ORD01318,2025-12-08,CUST1021,Office Chair,Furniture,North,Jaipur,Corporate,Online,1,12444.65,0.1,11200.18,7715.68,3484.5,2025-12
ORD01319,2025-10-04,CUST1293,Mouse,Accessories,West,Mumbai,Consumer,Retail Store,2,1119.67,0.05,2127.37,1231.64,895.73,2025-10
ORD01320,2025-08-07,CUST1228,Keyboard,Accessories,South,Kochi,Consumer,Online,4,2045.24,0.0,8180.96,4499.53,3681.43,2025-08
ORD01321,2025-08-10,CUST1041,Keyboard,Accessories,South,Bengaluru,Home Office,Retail Store,1,2110.98,0.05,2005.43,1161.04,844.39,2025-08
ORD01322,2025-04-24,CUST1162,Smartphone,Electronics,South,Chennai,Consumer,Retail Store,3,26474.76,0.0,79424.28,57185.48,22238.8,2025-04
ORD01323,2025-01-20,CUST1019,Backpack,Accessories,North,Lucknow,Consumer,Retail Store,5,1907.07,0.15,8105.05,5244.44,2860.61,2025-01
ORD01324,2025-11-21,CUST1078,Laptop,Electronics,South,Kochi,Home Office,Online,1,62079.83,0.08,57113.44,44697.48,12415.96,2025-11
ORD01325,2025-09-06,CUST1110,Headphones,Electronics,West,Ahmedabad,Consumer,Retail Store,1,3766.48,0.1,3389.83,2711.87,677.96,2025-09
ORD01326,2025-01-02,CUST1195,Backpack,Accessories,North,Jaipur,Corporate,Online,4,1753.03,0.1,6310.91,3856.67,2454.24,2025-01
ORD01327,2025-11-20,CUST1119,Printer,Electronics,South,Chennai,Consumer,Retail Store,1,13287.94,0.05,12623.54,9567.32,3056.22,2025-11
ORD01328,2025-05-30,CUST1058,Keyboard,Accessories,South,Kochi,Corporate,Online,2,2301.97,0.02,4511.86,2532.17,1979.69,2025-05
ORD01329,2025-05-28,CUST1339,Backpack,Accessories,West,Ahmedabad,Consumer,Online,1,1845.71,0.05,1753.42,1015.14,738.28,2025-05
ORD01330,2025-02-28,CUST1308,Desk,Furniture,East,Bhubaneswar,Corporate,Online,5,14995.67,0.08,68980.08,46486.58,22493.5,2025-02
ORD01331,2025-07-30,CUST1288,Monitor,Electronics,North,Lucknow,Consumer,Distributor,4,18159.45,0.0,72637.8,52299.22,20338.58,2025-07
ORD01332,2025-06-15,CUST1138,Office Chair,Furniture,East,Guwahati,Consumer,Online,2,12420.87,0.0,24841.74,15401.88,9439.86,2025-06
ORD01333,2025-09-06,CUST1275,Monitor,Electronics,South,Hyderabad,Consumer,Online,3,17217.95,0.02,50620.77,37190.77,13430.0,2025-09
ORD01334,2025-04-16,CUST1195,Smartphone,Electronics,West,Ahmedabad,Consumer,Online,8,30223.58,0.0,241788.64,174087.82,67700.82,2025-04
ORD01335,2025-02-16,CUST1081,Desk,Furniture,West,Mumbai,Corporate,Online,2,16139.5,0.02,31633.42,20012.98,11620.44,2025-02
ORD01336,2025-10-02,CUST1111,Backpack,Accessories,West,Pune,Consumer,Online,2,1843.29,0.08,3391.65,2027.62,1364.03,2025-10
ORD01337,2025-10-11,CUST1204,Monitor,Electronics,West,Mumbai,Home Office,Retail Store,3,17134.68,0.1,46263.64,37010.91,9252.73,2025-10
ORD01338,2025-09-06,CUST1140,Laptop,Electronics,North,Lucknow,Consumer,Retail Store,4,66874.37,0.0,267497.48,192598.19,74899.29,2025-09
ORD01339,2025-03-05,CUST1038,Backpack,Accessories,East,Bhubaneswar,Corporate,Distributor,5,1676.79,0.0,8383.95,4611.17,3772.78,2025-03
ORD01340,2025-09-16,CUST1160,Backpack,Accessories,North,Jaipur,Consumer,Retail Store,2,1664.83,0.1,2996.69,1831.31,1165.38,2025-09
ORD01341,2025-06-15,CUST1296,Backpack,Accessories,South,Hyderabad,Consumer,Online,1,1730.21,0.15,1470.68,951.62,519.06,2025-06
ORD01342,2025-08-30,CUST1274,Backpack,Accessories,South,Hyderabad,Consumer,Online,2,1789.24,0.05,3399.56,1968.16,1431.4,2025-08
ORD01343,2025-09-17,CUST1056,Monitor,Electronics,South,Kochi,Corporate,Distributor,4,19060.62,0.15,64806.11,54894.59,9911.52,2025-09
ORD01344,2025-08-20,CUST1056,Monitor,Electronics,East,Kolkata,Consumer,Online,2,18654.25,0.1,33577.65,26862.12,6715.53,2025-08
ORD01345,2025-11-26,CUST1304,Office Chair,Furniture,South,Hyderabad,Consumer,Online,5,12466.0,0.08,57343.6,38644.6,18699.0,2025-11
ORD01346,2025-05-08,CUST1253,Smartphone,Electronics,North,Chandigarh,Corporate,Retail Store,4,27666.21,0.0,110664.84,79678.68,30986.16,2025-05
ORD01347,2025-05-10,CUST1209,Backpack,Accessories,South,Chennai,Home Office,Online,4,1755.63,0.1,6320.27,3862.39,2457.88,2025-05
ORD01348,2025-01-03,CUST1237,Office Chair,Furniture,East,Guwahati,Corporate,Online,3,11752.39,0.05,33494.31,21859.45,11634.86,2025-01
ORD01349,2025-12-29,CUST1007,Keyboard,Accessories,South,Hyderabad,Home Office,Online,1,2371.65,0.02,2324.22,1304.41,1019.81,2025-12
ORD01350,2025-03-24,CUST1254,Mouse,Accessories,West,Pune,Consumer,Distributor,1,1111.7,0.08,1022.76,611.44,411.32,2025-03
ORD01351,2025-03-29,CUST1347,Mouse,Accessories,South,Kochi,Consumer,Online,2,1270.47,0.05,2413.89,1397.52,1016.37,2025-03
ORD01352,2025-05-19,CUST1105,Mouse,Accessories,South,Chennai,Corporate,Online,2,1215.11,0.15,2065.69,1336.62,729.07,2025-05
ORD01353,2025-11-11,CUST1070,Desk,Furniture,South,Chennai,Consumer,Online,2,14852.68,0.15,25249.56,18417.32,6832.24,2025-11
ORD01354,2025-03-26,CUST1003,Mouse,Accessories,West,Surat,Consumer,Online,1,1243.25,0.0,1243.25,683.79,559.46,2025-03
ORD01355,2025-06-09,CUST1305,Monitor,Electronics,North,Delhi,Corporate,Online,1,17961.61,0.08,16524.68,12932.36,3592.32,2025-06
ORD01356,2025-03-22,CUST1219,Smartphone,Electronics,South,Bengaluru,Consumer,Online,1,29672.94,0.05,28189.29,21364.52,6824.77,2025-03
ORD01357,2025-10-27,CUST1040,Office Chair,Furniture,South,Kochi,Home Office,Retail Store,3,12769.35,0.02,37541.89,23750.99,13790.9,2025-10
ORD01358,2025-10-31,CUST1301,Headphones,Electronics,North,Jaipur,Consumer,Online,1,3456.16,0.1,3110.54,2488.44,622.1,2025-10
ORD01359,2025-11-27,CUST1108,Backpack,Accessories,South,Chennai,Home Office,Retail Store,3,1735.73,0.08,4790.61,2863.95,1926.66,2025-11
ORD01360,2025-03-28,CUST1244,Laptop,Electronics,West,Pune,Consumer,Retail Store,1,65960.44,0.02,64641.23,47491.52,17149.71,2025-03
ORD01361,2025-01-01,CUST1168,Desk,Furniture,North,Delhi,Consumer,Retail Store,2,15989.67,0.08,29420.99,19827.19,9593.8,2025-01
ORD01362,2025-06-04,CUST1182,Mouse,Accessories,West,Pune,Corporate,Online,2,1144.45,0.08,2105.79,1258.9,846.89,2025-06
ORD01363,2025-06-09,CUST1143,Mouse,Accessories,South,Hyderabad,Home Office,Retail Store,8,1223.61,0.15,8320.55,5383.88,2936.67,2025-06
ORD01364,2025-12-31,CUST1223,Headphones,Electronics,West,Surat,Consumer,Retail Store,4,3573.67,0.1,12865.21,10292.17,2573.04,2025-12
ORD01365,2025-11-30,CUST1110,Desk,Furniture,North,Lucknow,Home Office,Retail Store,2,15559.47,0.08,28629.42,19293.74,9335.68,2025-11
ORD01366,2025-11-12,CUST1101,Mouse,Accessories,West,Pune,Consumer,Online,4,1129.26,0.0,4517.04,2484.37,2032.67,2025-11
ORD01367,2025-08-15,CUST1258,Desk,Furniture,South,Hyderabad,Corporate,Online,6,15517.98,0.05,88452.49,57726.89,30725.6,2025-08
ORD01368,2025-01-07,CUST1130,Printer,Electronics,South,Chennai,Corporate,Online,10,14916.23,0.15,126787.95,107396.86,19391.09,2025-01
ORD01369,2025-05-21,CUST1233,Laptop,Electronics,West,Mumbai,Home Office,Distributor,10,61668.7,0.15,524183.95,444014.64,80169.31,2025-05
ORD01370,2025-09-09,CUST1091,Headphones,Electronics,South,Hyderabad,Consumer,Online,6,3353.02,0.02,19715.76,14485.05,5230.71,2025-09
ORD01371,2025-03-09,CUST1279,Smartphone,Electronics,South,Hyderabad,Consumer,Retail Store,1,30111.85,0.0,30111.85,21680.53,8431.32,2025-03
ORD01372,2025-05-23,CUST1087,Monitor,Electronics,East,Kolkata,Consumer,Retail Store,6,17081.21,0.15,87114.17,73790.83,13323.34,2025-05
ORD01373,2025-10-28,CUST1257,Desk,Furniture,South,Kochi,Consumer,Retail Store,1,15850.52,0.02,15533.51,9827.32,5706.19,2025-10
ORD01374,2025-03-17,CUST1089,Office Chair,Furniture,North,Chandigarh,Consumer,Retail Store,4,11985.17,0.08,44105.43,29723.22,14382.21,2025-03
ORD01375,2025-11-22,CUST1290,Laptop,Electronics,South,Chennai,Consumer,Online,5,62371.2,0.0,311856.0,224536.32,87319.68,2025-11
ORD01376,2025-08-26,CUST1011,Smartphone,Electronics,North,Delhi,Consumer,Online,2,29660.96,0.15,50423.63,42711.78,7711.85,2025-08
ORD01377,2025-03-28,CUST1349,Laptop,Electronics,North,Lucknow,Consumer,Distributor,6,64431.17,0.05,367257.67,278342.65,88915.02,2025-03
ORD01378,2025-11-25,CUST1072,Monitor,Electronics,West,Pune,Consumer,Online,2,18042.67,0.05,34281.07,25981.44,8299.63,2025-11
ORD01379,2025-10-17,CUST1226,Desk,Furniture,South,Bengaluru,Consumer,Online,10,14662.16,0.05,139290.52,90905.39,48385.13,2025-10
ORD01380,2025-05-16,CUST1088,Smartphone,Electronics,South,Chennai,Consumer,Retail Store,2,28416.42,0.15,48307.91,40919.64,7388.27,2025-05
ORD01381,2025-01-19,CUST1148,Printer,Electronics,South,Bengaluru,Home Office,Online,3,13246.29,0.15,33778.04,28611.99,5166.05,2025-01
ORD01382,2025-04-17,CUST1134,Desk,Furniture,East,Patna,Consumer,Retail Store,2,14738.6,0.08,27119.02,18275.86,8843.16,2025-04
ORD01383,2025-01-17,CUST1194,Smartphone,Electronics,South,Bengaluru,Consumer,Online,2,30102.97,0.1,54185.35,43348.28,10837.07,2025-01
ORD01384,2025-12-04,CUST1082,Printer,Electronics,West,Ahmedabad,Corporate,Retail Store,5,13458.22,0.0,67291.1,48449.59,18841.51,2025-12
ORD01385,2025-08-04,CUST1096,Keyboard,Accessories,South,Hyderabad,Consumer,Online,1,2255.17,0.1,2029.65,1240.34,789.31,2025-08
ORD01386,2025-01-12,CUST1125,Keyboard,Accessories,West,Surat,Corporate,Retail Store,4,2138.47,0.08,7869.57,4704.63,3164.94,2025-01
ORD01387,2025-05-10,CUST1260,Desk,Furniture,East,Guwahati,Corporate,Online,8,15656.34,0.02,122745.71,77655.45,45090.26,2025-05
ORD01388,2025-02-25,CUST1086,Backpack,Accessories,South,Chennai,Home Office,Online,1,1693.69,0.1,1524.32,931.53,592.79,2025-02
ORD01389,2025-06-03,CUST1171,Printer,Electronics,West,Pune,Home Office,Retail Store,1,15052.4,0.15,12794.54,10837.73,1956.81,2025-06
ORD01390,2025-01-28,CUST1338,Smartphone,Electronics,South,Bengaluru,Corporate,Online,1,27792.98,0.0,27792.98,20010.95,7782.03,2025-01
ORD01391,2025-03-17,CUST1047,Monitor,Electronics,West,Ahmedabad,Consumer,Online,5,17239.83,0.08,79303.22,62063.39,17239.83,2025-03
ORD01392,2025-05-06,CUST1202,Headphones,Electronics,East,Patna,Consumer,Online,1,3261.16,0.1,2935.04,2348.04,587.0,2025-05
ORD01393,2025-12-24,CUST1199,Monitor,Electronics,West,Surat,Home Office,Retail Store,4,17048.9,0.0,68195.6,49100.83,19094.77,2025-12
ORD01394,2025-03-07,CUST1218,Desk,Furniture,West,Pune,Consumer,Online,2,15047.46,0.15,25580.68,18658.85,6921.83,2025-03
ORD01395,2025-11-02,CUST1312,Backpack,Accessories,South,Chennai,Consumer,Retail Store,3,1753.06,0.02,5154.0,2892.55,2261.45,2025-11
ORD01396,2025-04-02,CUST1040,Monitor,Electronics,South,Chennai,Consumer,Online,3,18947.18,0.08,52294.22,40925.91,11368.31,2025-04
ORD01397,2025-11-27,CUST1335,Monitor,Electronics,North,Jaipur,Consumer,Online,1,17800.96,0.08,16376.88,12816.69,3560.19,2025-11
ORD01398,2025-04-03,CUST1092,Backpack,Accessories,North,Lucknow,Consumer,Retail Store,1,1727.63,0.08,1589.42,950.2,639.22,2025-04
ORD01399,2025-03-25,CUST1336,Backpack,Accessories,East,Kolkata,Consumer,Online,4,1833.74,0.0,7334.96,4034.23,3300.73,2025-03
ORD01400,2025-07-27,CUST1335,Laptop,Electronics,North,Jaipur,Corporate,Online,2,67150.48,0.08,123556.88,96696.69,26860.19,2025-07
ORD01401,2025-12-10,CUST1231,Backpack,Accessories,South,Hyderabad,Consumer,Online,3,1704.11,0.1,4601.1,2811.78,1789.32,2025-12
ORD01402,2025-09-15,CUST1218,Desk,Furniture,West,Ahmedabad,Home Office,Distributor,1,14202.29,0.02,13918.24,8805.42,5112.82,2025-09
ORD01403,2025-09-30,CUST1133,Backpack,Accessories,West,Mumbai,Consumer,Online,6,1666.56,0.1,8999.42,5499.65,3499.77,2025-09
ORD01404,2025-04-12,CUST1236,Mouse,Accessories,West,Surat,Consumer,Online,1,1245.39,0.08,1145.76,684.96,460.8,2025-04
ORD01405,2025-07-07,CUST1278,Laptop,Electronics,West,Ahmedabad,Consumer,Online,2,66703.57,0.0,133407.14,96053.14,37354.0,2025-07
ORD01406,2025-05-17,CUST1058,Headphones,Electronics,South,Kochi,Consumer,Online,3,3485.79,0.1,9411.63,7529.31,1882.32,2025-05
ORD01407,2025-07-02,CUST1075,Laptop,Electronics,South,Kochi,Consumer,Online,1,68579.37,0.15,58292.46,49377.15,8915.31,2025-07
ORD01408,2025-11-21,CUST1269,Keyboard,Accessories,South,Chennai,Consumer,Online,3,2307.6,0.15,5884.38,3807.54,2076.84,2025-11
ORD01409,2025-10-19,CUST1052,Keyboard,Accessories,North,Lucknow,Consumer,Online,8,2230.04,0.15,15164.27,9812.18,5352.09,2025-10
ORD01410,2025-07-15,CUST1012,Mouse,Accessories,West,Mumbai,Consumer,Retail Store,2,1270.71,0.08,2338.11,1397.78,940.33,2025-07
ORD01411,2025-04-05,CUST1293,Office Chair,Furniture,West,Mumbai,Home Office,Online,1,11435.22,0.02,11206.52,7089.84,4116.68,2025-04
ORD01412,2025-05-14,CUST1224,Office Chair,Furniture,East,Bhubaneswar,Corporate,Online,3,11254.89,0.02,33089.38,20934.1,12155.28,2025-05
ORD01413,2025-05-21,CUST1003,Headphones,Electronics,South,Hyderabad,Corporate,Distributor,4,3371.06,0.05,12810.03,9708.65,3101.38,2025-05
ORD01414,2025-07-28,CUST1163,Monitor,Electronics,North,Chandigarh,Corporate,Online,2,16724.41,0.15,28431.5,24083.15,4348.35,2025-07
ORD01415,2025-02-19,CUST1236,Monitor,Electronics,North,Lucknow,Consumer,Retail Store,4,18089.77,0.1,65123.17,52098.54,13024.63,2025-02
ORD01416,2025-10-29,CUST1175,Backpack,Accessories,East,Patna,Corporate,Online,3,1925.74,0.05,5488.36,3177.47,2310.89,2025-10
ORD01417,2025-06-13,CUST1088,Desk,Furniture,West,Pune,Consumer,Retail Store,1,13894.42,0.15,11810.26,8614.54,3195.72,2025-06
ORD01418,2025-12-11,CUST1288,Backpack,Accessories,South,Hyderabad,Corporate,Retail Store,1,1691.17,0.08,1555.88,930.14,625.74,2025-12
ORD01419,2025-06-26,CUST1016,Smartphone,Electronics,North,Lucknow,Consumer,Retail Store,2,27785.85,0.08,51125.96,40011.62,11114.34,2025-06
ORD01420,2025-03-21,CUST1285,Printer,Electronics,East,Patna,Corporate,Online,4,14971.88,0.05,56893.14,43119.01,13774.13,2025-03
ORD01421,2025-09-09,CUST1112,Monitor,Electronics,South,Bengaluru,Consumer,Distributor,1,17470.53,0.08,16072.89,12578.78,3494.11,2025-09
ORD01422,2025-04-19,CUST1282,Smartphone,Electronics,East,Bhubaneswar,Home Office,Retail Store,10,28032.41,0.08,257898.17,201833.35,56064.82,2025-04
ORD01423,2025-07-29,CUST1055,Desk,Furniture,West,Surat,Home Office,Online,4,13899.77,0.15,47259.22,34471.43,12787.79,2025-07
ORD01424,2025-12-07,CUST1231,Desk,Furniture,South,Kochi,Consumer,Online,4,14156.02,0.05,53792.88,35106.93,18685.95,2025-12
ORD01425,2025-03-22,CUST1350,Headphones,Electronics,South,Hyderabad,Corporate,Online,2,3772.51,0.02,7394.12,5432.41,1961.71,2025-03
ORD01426,2025-02-20,CUST1115,Backpack,Accessories,East,Guwahati,Home Office,Online,3,1933.95,0.1,5221.67,3191.02,2030.65,2025-02
ORD01427,2025-03-12,CUST1313,Printer,Electronics,East,Kolkata,Corporate,Retail Store,6,12891.07,0.05,73479.1,55689.42,17789.68,2025-03
ORD01428,2025-05-08,CUST1335,Headphones,Electronics,East,Guwahati,Corporate,Distributor,1,3753.01,0.1,3377.71,2702.17,675.54,2025-05
ORD01429,2025-07-19,CUST1090,Mouse,Accessories,South,Bengaluru,Home Office,Online,2,1226.71,0.02,2404.35,1349.38,1054.97,2025-07
ORD01430,2025-08-30,CUST1126,Monitor,Electronics,South,Chennai,Consumer,Online,3,19059.6,0.08,52604.5,41168.74,11435.76,2025-08
ORD01431,2025-12-17,CUST1310,Printer,Electronics,South,Bengaluru,Corporate,Distributor,3,13898.62,0.0,41695.86,30021.02,11674.84,2025-12
ORD01432,2025-06-19,CUST1241,Headphones,Electronics,South,Hyderabad,Consumer,Online,4,3508.73,0.1,12631.43,10105.14,2526.29,2025-06
ORD01433,2025-07-17,CUST1332,Smartphone,Electronics,West,Ahmedabad,Home Office,Online,4,27950.03,0.1,100620.11,80496.09,20124.02,2025-07
ORD01434,2025-10-01,CUST1187,Laptop,Electronics,South,Hyderabad,Consumer,Online,5,66735.39,0.0,333676.95,240247.4,93429.55,2025-10
ORD01435,2025-07-24,CUST1297,Mouse,Accessories,East,Guwahati,Consumer,Online,1,1130.81,0.05,1074.27,621.95,452.32,2025-07
ORD01436,2025-02-27,CUST1050,Headphones,Electronics,South,Chennai,Consumer,Online,3,3236.79,0.05,9224.85,6991.47,2233.38,2025-02
ORD01437,2025-06-18,CUST1228,Smartphone,Electronics,South,Kochi,Corporate,Retail Store,2,27139.53,0.15,46137.2,39080.92,7056.28,2025-06
ORD01438,2025-06-19,CUST1014,Keyboard,Accessories,East,Patna,Corporate,Retail Store,1,2272.05,0.05,2158.45,1249.63,908.82,2025-06
ORD01439,2025-04-24,CUST1244,Desk,Furniture,East,Patna,Consumer,Retail Store,3,14284.45,0.05,40710.68,26569.08,14141.6,2025-04
ORD01440,2025-08-14,CUST1117,Office Chair,Furniture,North,Jaipur,Consumer,Online,2,12332.99,0.15,20966.08,15292.91,5673.17,2025-08
ORD01441,2025-01-15,CUST1265,Monitor,Electronics,East,Bhubaneswar,Corporate,Online,4,19353.35,0.15,65801.39,55737.65,10063.74,2025-01
ORD01442,2025-07-27,CUST1161,Keyboard,Accessories,East,Bhubaneswar,Home Office,Retail Store,3,2057.05,0.1,5554.04,3394.13,2159.91,2025-07
ORD01443,2025-09-25,CUST1195,Desk,Furniture,South,Kochi,Corporate,Distributor,3,15414.25,0.08,42543.33,28670.51,13872.82,2025-09
ORD01444,2025-01-08,CUST1062,Smartphone,Electronics,South,Chennai,Consumer,Online,3,27748.0,0.15,70757.4,59935.68,10821.72,2025-01
ORD01445,2025-11-29,CUST1269,Monitor,Electronics,South,Kochi,Corporate,Retail Store,1,19060.25,0.15,16201.21,13723.38,2477.83,2025-11
ORD01446,2025-04-27,CUST1139,Monitor,Electronics,South,Hyderabad,Consumer,Online,2,17070.19,0.0,34140.38,24581.07,9559.31,2025-04
ORD01447,2025-10-11,CUST1126,Mouse,Accessories,West,Mumbai,Home Office,Online,3,1236.98,0.02,3636.72,2041.02,1595.7,2025-10
ORD01448,2025-05-12,CUST1137,Headphones,Electronics,East,Bhubaneswar,Consumer,Retail Store,1,3689.34,0.1,3320.41,2656.32,664.09,2025-05
ORD01449,2025-10-10,CUST1268,Office Chair,Furniture,North,Jaipur,Corporate,Distributor,6,12853.66,0.02,75579.52,47815.62,27763.9,2025-10
ORD01450,2025-06-05,CUST1027,Laptop,Electronics,North,Jaipur,Corporate,Retail Store,2,66905.78,0.1,120430.4,96344.32,24086.08,2025-06
ORD01451,2025-06-13,CUST1111,Smartphone,Electronics,North,Delhi,Consumer,Online,1,27987.34,0.1,25188.61,20150.88,5037.73,2025-06
ORD01452,2025-11-03,CUST1330,Keyboard,Accessories,South,Hyderabad,Corporate,Distributor,1,2241.48,0.08,2062.16,1232.81,829.35,2025-11
ORD01453,2025-04-10,CUST1253,Printer,Electronics,West,Surat,Home Office,Online,2,14826.35,0.05,28170.06,21349.94,6820.12,2025-04
ORD01454,2025-11-20,CUST1128,Headphones,Electronics,South,Kochi,Consumer,Distributor,2,3539.54,0.1,6371.17,5096.94,1274.23,2025-11
ORD01455,2025-06-24,CUST1250,Office Chair,Furniture,East,Patna,Corporate,Online,4,11098.34,0.02,43505.49,27523.88,15981.61,2025-06
ORD01456,2025-01-04,CUST1156,Desk,Furniture,West,Surat,Consumer,Online,4,16034.28,0.15,54516.55,39765.01,14751.54,2025-01
ORD01457,2025-02-18,CUST1257,Keyboard,Accessories,South,Bengaluru,Consumer,Online,2,2266.71,0.05,4306.75,2493.38,1813.37,2025-02
ORD01458,2025-06-06,CUST1345,Desk,Furniture,West,Surat,Consumer,Online,3,15423.63,0.1,41643.8,28687.95,12955.85,2025-06
ORD01459,2025-03-21,CUST1167,Desk,Furniture,North,Chandigarh,Corporate,Distributor,3,14317.62,0.02,42093.8,26630.77,15463.03,2025-03
ORD01460,2025-09-22,CUST1156,Keyboard,Accessories,East,Guwahati,Corporate,Online,6,2255.93,0.08,12452.73,7444.57,5008.16,2025-09
ORD01461,2025-07-09,CUST1202,Headphones,Electronics,South,Chennai,Home Office,Online,2,3440.56,0.1,6193.01,4954.41,1238.6,2025-07
ORD01462,2025-08-02,CUST1234,Laptop,Electronics,West,Surat,Consumer,Online,3,66572.82,0.02,195724.09,143797.29,51926.8,2025-08
ORD01463,2025-05-21,CUST1013,Laptop,Electronics,West,Pune,Consumer,Retail Store,2,60908.57,0.05,115726.28,87708.34,28017.94,2025-05
ORD01464,2025-06-14,CUST1258,Backpack,Accessories,West,Ahmedabad,Corporate,Retail Store,5,1845.46,0.1,8304.57,5075.02,3229.55,2025-06
ORD01465,2025-08-14,CUST1241,Office Chair,Furniture,North,Jaipur,Consumer,Retail Store,6,12958.87,0.1,69977.9,48207.0,21770.9,2025-08
ORD01466,2025-01-24,CUST1052,Backpack,Accessories,East,Guwahati,Consumer,Distributor,3,1669.89,0.0,5009.67,2755.32,2254.35,2025-01
ORD01467,2025-01-29,CUST1038,Desk,Furniture,South,Chennai,Consumer,Online,3,16145.22,0.15,41170.31,30030.11,11140.2,2025-01
ORD01468,2025-06-16,CUST1126,Backpack,Accessories,West,Pune,Corporate,Retail Store,3,1773.19,0.08,4894.0,2925.76,1968.24,2025-06
ORD01469,2025-06-17,CUST1035,Printer,Electronics,East,Patna,Corporate,Retail Store,4,14830.49,0.02,58135.52,42711.81,15423.71,2025-06
ORD01470,2025-12-25,CUST1165,Desk,Furniture,West,Ahmedabad,Home Office,Online,6,15677.73,0.02,92185.05,58321.16,33863.89,2025-12
ORD01471,2025-08-28,CUST1012,Monitor,Electronics,South,Chennai,Consumer,Distributor,2,18193.01,0.1,32747.42,26197.93,6549.49,2025-08
ORD01472,2025-03-13,CUST1031,Smartphone,Electronics,East,Guwahati,Consumer,Online,1,29068.25,0.1,26161.42,20929.14,5232.28,2025-03
ORD01473,2025-09-20,CUST1276,Desk,Furniture,North,Chandigarh,Home Office,Distributor,5,15908.44,0.05,75565.09,49316.16,26248.93,2025-09
ORD01474,2025-09-09,CUST1273,Office Chair,Furniture,East,Kolkata,Corporate,Retail Store,8,11815.95,0.0,94527.6,58607.11,35920.49,2025-09
ORD01475,2025-03-23,CUST1038,Mouse,Accessories,West,Mumbai,Corporate,Online,3,1166.79,0.02,3430.36,1925.2,1505.16,2025-03
ORD01476,2025-12-17,CUST1170,Backpack,Accessories,West,Surat,Consumer,Distributor,4,1848.27,0.15,6284.12,4066.19,2217.93,2025-12
ORD01477,2025-02-07,CUST1011,Headphones,Electronics,East,Patna,Consumer,Retail Store,4,3672.39,0.08,13514.4,10576.48,2937.92,2025-02
ORD01478,2025-07-25,CUST1115,Printer,Electronics,South,Kochi,Consumer,Online,2,14587.52,0.05,27716.29,21006.03,6710.26,2025-07
ORD01479,2025-10-27,CUST1296,Desk,Furniture,South,Bengaluru,Corporate,Retail Store,2,15714.75,0.15,26715.08,19486.29,7228.79,2025-10
ORD01480,2025-03-20,CUST1066,Monitor,Electronics,West,Pune,Consumer,Online,3,17814.48,0.0,53443.44,38479.28,14964.16,2025-03
ORD01481,2025-10-04,CUST1156,Desk,Furniture,West,Ahmedabad,Home Office,Distributor,3,15762.8,0.02,46342.63,29318.81,17023.82,2025-10
ORD01482,2025-03-25,CUST1226,Backpack,Accessories,West,Pune,Home Office,Online,2,1690.62,0.02,3313.62,1859.68,1453.94,2025-03
ORD01483,2025-03-05,CUST1195,Backpack,Accessories,North,Jaipur,Consumer,Online,2,1812.81,0.02,3553.11,1994.09,1559.02,2025-03
ORD01484,2025-10-30,CUST1108,Smartphone,Electronics,North,Jaipur,Consumer,Retail Store,3,25785.8,0.02,75810.25,55697.33,20112.92,2025-10
ORD01485,2025-03-03,CUST1260,Keyboard,Accessories,West,Ahmedabad,Corporate,Online,1,2138.25,0.0,2138.25,1176.04,962.21,2025-03
ORD01486,2025-07-04,CUST1205,Keyboard,Accessories,South,Hyderabad,Home Office,Online,2,2152.99,0.08,3961.5,2368.29,1593.21,2025-07
ORD01487,2025-02-21,CUST1118,Desk,Furniture,South,Chennai,Home Office,Online,5,14750.81,0.05,70066.35,45727.51,24338.84,2025-02
ORD01488,2025-12-26,CUST1332,Smartphone,Electronics,East,Guwahati,Home Office,Online,8,28875.69,0.15,196354.69,166323.97,30030.72,2025-12
ORD01489,2025-06-15,CUST1241,Laptop,Electronics,North,Jaipur,Consumer,Online,3,63841.0,0.02,187692.54,137896.56,49795.98,2025-06
ORD01490,2025-01-20,CUST1081,Laptop,Electronics,East,Bhubaneswar,Home Office,Retail Store,2,64466.41,0.08,118618.19,92831.63,25786.56,2025-01
ORD01491,2025-08-03,CUST1084,Headphones,Electronics,North,Jaipur,Corporate,Retail Store,1,3353.02,0.0,3353.02,2414.17,938.85,2025-08
ORD01492,2025-01-16,CUST1015,Keyboard,Accessories,North,Chandigarh,Corporate,Distributor,2,2155.38,0.05,4095.22,2370.92,1724.3,2025-01
ORD01493,2025-01-14,CUST1277,Desk,Furniture,North,Chandigarh,Consumer,Distributor,6,14345.45,0.0,86072.7,53365.07,32707.63,2025-01
ORD01494,2025-07-13,CUST1215,Printer,Electronics,West,Pune,Consumer,Online,6,13043.96,0.0,78263.76,56349.91,21913.85,2025-07
ORD01495,2025-02-03,CUST1309,Smartphone,Electronics,West,Surat,Home Office,Distributor,3,28463.45,0.02,83682.54,61481.05,22201.49,2025-02
ORD01496,2025-11-23,CUST1188,Laptop,Electronics,South,Kochi,Home Office,Online,2,66749.41,0.1,120148.94,96119.15,24029.79,2025-11
ORD01497,2025-11-11,CUST1116,Smartphone,Electronics,South,Bengaluru,Consumer,Online,5,28535.32,0.02,139823.07,102727.15,37095.92,2025-11
ORD01498,2025-12-04,CUST1095,Smartphone,Electronics,West,Surat,Consumer,Retail Store,2,27836.45,0.05,52889.25,40084.49,12804.76,2025-12
ORD01499,2025-12-04,CUST1068,Office Chair,Furniture,South,Kochi,Corporate,Online,3,11769.19,0.05,33542.19,21890.69,11651.5,2025-12
ORD01500,2025-06-17,CUST1324,Backpack,Accessories,South,Bengaluru,Corporate,Distributor,1,1904.64,0.08,1752.27,1047.55,704.72,2025-06
ORD01501,2025-01-25,CUST1204,Monitor,Electronics,West,Mumbai,Consumer,Online,5,18054.96,0.02,88469.3,64997.86,23471.44,2025-01
ORD01502,2025-06-15,CUST1208,Laptop,Electronics,East,Guwahati,Home Office,Online,5,64783.49,0.1,291525.71,233220.56,58305.15,2025-06
ORD01503,2025-08-20,CUST1173,Monitor,Electronics,South,Chennai,Corporate,Online,2,16633.85,0.1,29940.93,23952.74,5988.19,2025-08
ORD01504,2025-06-22,CUST1266,Headphones,Electronics,South,Kochi,Corporate,Online,1,3411.1,0.05,3240.54,2455.99,784.55,2025-06
ORD01505,2025-05-15,CUST1235,Smartphone,Electronics,West,Surat,Corporate,Distributor,1,27463.28,0.02,26914.01,19773.56,7140.45,2025-05
ORD01506,2025-02-26,CUST1043,Smartphone,Electronics,East,Patna,Consumer,Online,2,27546.73,0.1,49584.11,39667.29,9916.82,2025-02
ORD01507,2025-09-16,CUST1182,Headphones,Electronics,South,Bengaluru,Consumer,Retail Store,4,3544.9,0.02,13896.01,10209.31,3686.7,2025-09
ORD01508,2025-09-27,CUST1086,Printer,Electronics,West,Mumbai,Corporate,Online,2,14075.27,0.1,25335.49,20268.39,5067.1,2025-09
ORD01509,2025-07-11,CUST1078,Headphones,Electronics,North,Jaipur,Corporate,Distributor,2,3560.43,0.15,6052.73,5127.02,925.71,2025-07
ORD01510,2025-10-04,CUST1200,Printer,Electronics,South,Bengaluru,Consumer,Distributor,8,14593.34,0.05,110909.38,84057.64,26851.74,2025-10
ORD01511,2025-09-25,CUST1129,Backpack,Accessories,West,Surat,Consumer,Retail Store,2,1890.14,0.0,3780.28,2079.15,1701.13,2025-09
ORD01512,2025-12-29,CUST1211,Mouse,Accessories,East,Bhubaneswar,Home Office,Retail Store,8,1241.88,0.0,9935.04,5464.27,4470.77,2025-12
ORD01513,2025-03-13,CUST1201,Headphones,Electronics,South,Bengaluru,Corporate,Retail Store,8,3755.09,0.02,29439.91,21629.32,7810.59,2025-03
ORD01514,2025-03-23,CUST1072,Backpack,Accessories,South,Bengaluru,Consumer,Online,2,1661.25,0.05,3156.38,1827.38,1329.0,2025-03
ORD01515,2025-07-25,CUST1006,Smartphone,Electronics,West,Pune,Consumer,Online,2,26637.09,0.05,50610.47,38357.41,12253.06,2025-07
ORD01516,2025-11-23,CUST1153,Smartphone,Electronics,South,Hyderabad,Corporate,Retail Store,2,25793.88,0.08,47460.74,37143.19,10317.55,2025-11
ORD01517,2025-03-05,CUST1175,Mouse,Accessories,West,Surat,Consumer,Distributor,4,1228.32,0.15,4176.29,2702.3,1473.99,2025-03
ORD01518,2025-05-20,CUST1250,Laptop,Electronics,South,Chennai,Consumer,Online,3,69139.52,0.15,176305.78,149341.36,26964.42,2025-05
ORD01519,2025-05-30,CUST1124,Monitor,Electronics,South,Hyderabad,Home Office,Retail Store,3,17261.23,0.05,49194.51,37284.26,11910.25,2025-05
ORD01520,2025-12-07,CUST1142,Keyboard,Accessories,West,Surat,Consumer,Retail Store,5,2350.32,0.05,11164.02,6463.38,4700.64,2025-12
ORD01521,2025-05-09,CUST1125,Mouse,Accessories,South,Chennai,Home Office,Online,1,1115.57,0.08,1026.32,613.56,412.76,2025-05
ORD01522,2025-10-27,CUST1250,Keyboard,Accessories,North,Chandigarh,Corporate,Online,4,2352.92,0.15,7999.93,5176.42,2823.51,2025-10
ORD01523,2025-10-15,CUST1309,Printer,Electronics,West,Surat,Corporate,Distributor,4,13667.63,0.0,54670.52,39362.77,15307.75,2025-10
ORD01524,2025-02-25,CUST1298,Printer,Electronics,West,Mumbai,Corporate,Online,4,13107.18,0.05,49807.28,37748.68,12058.6,2025-02
ORD01525,2025-12-11,CUST1236,Printer,Electronics,South,Kochi,Corporate,Online,3,13968.35,0.08,38552.65,30171.64,8381.01,2025-12
ORD01526,2025-10-21,CUST1014,Mouse,Accessories,North,Chandigarh,Corporate,Retail Store,4,1153.3,0.15,3921.22,2537.26,1383.96,2025-10
ORD01527,2025-04-21,CUST1234,Printer,Electronics,North,Lucknow,Consumer,Distributor,5,13518.12,0.15,57452.01,48665.23,8786.78,2025-04
ORD01528,2025-05-10,CUST1167,Desk,Furniture,West,Ahmedabad,Consumer,Distributor,2,14537.5,0.0,29075.0,18026.5,11048.5,2025-05
ORD01529,2025-08-23,CUST1206,Office Chair,Furniture,West,Pune,Consumer,Retail Store,3,12581.81,0.05,35858.16,23402.17,12455.99,2025-08
ORD01530,2025-06-28,CUST1163,Headphones,Electronics,West,Mumbai,Consumer,Retail Store,4,3521.93,0.02,13805.97,10143.16,3662.81,2025-06
ORD01531,2025-06-06,CUST1196,Smartphone,Electronics,West,Mumbai,Corporate,Online,3,27154.66,0.02,79834.7,58654.07,21180.63,2025-06
ORD01532,2025-04-14,CUST1087,Office Chair,Furniture,West,Surat,Consumer,Retail Store,6,12211.84,0.02,71805.62,45428.04,26377.58,2025-04
ORD01533,2025-06-15,CUST1276,Laptop,Electronics,North,Lucknow,Home Office,Retail Store,3,67247.97,0.1,181569.52,145255.62,36313.9,2025-06
ORD01534,2025-04-02,CUST1208,Backpack,Accessories,East,Kolkata,Consumer,Online,3,1734.52,0.15,4423.03,2861.96,1561.07,2025-04
ORD01535,2025-05-15,CUST1151,Headphones,Electronics,West,Ahmedabad,Consumer,Distributor,1,3451.59,0.15,2933.85,2485.14,448.71,2025-05
ORD01536,2025-11-11,CUST1080,Printer,Electronics,West,Ahmedabad,Home Office,Online,1,13153.02,0.1,11837.72,9470.17,2367.55,2025-11
ORD01537,2025-12-08,CUST1226,Office Chair,Furniture,North,Jaipur,Home Office,Distributor,2,11387.81,0.02,22320.11,14120.88,8199.23,2025-12
ORD01538,2025-11-28,CUST1213,Monitor,Electronics,North,Lucknow,Consumer,Online,3,18521.62,0.08,51119.67,40006.7,11112.97,2025-11
ORD01539,2025-10-12,CUST1295,Mouse,Accessories,West,Pune,Consumer,Retail Store,3,1138.84,0.15,2904.04,1879.09,1024.95,2025-10
ORD01540,2025-07-18,CUST1164,Office Chair,Furniture,East,Patna,Corporate,Online,2,12048.31,0.02,23614.69,14939.9,8674.79,2025-07
ORD01541,2025-10-04,CUST1297,Desk,Furniture,North,Jaipur,Consumer,Retail Store,4,15501.71,0.1,55806.16,38444.24,17361.92,2025-10
ORD01542,2025-03-07,CUST1179,Smartphone,Electronics,West,Surat,Corporate,Online,5,26238.81,0.02,128570.17,94459.72,34110.45,2025-03
ORD01543,2025-12-26,CUST1225,Mouse,Accessories,West,Pune,Consumer,Retail Store,1,1212.92,0.1,1091.63,667.11,424.52,2025-12
ORD01544,2025-09-12,CUST1245,Printer,Electronics,South,Bengaluru,Consumer,Online,3,13454.7,0.05,38345.9,29062.15,9283.75,2025-09
ORD01545,2025-12-28,CUST1015,Headphones,Electronics,North,Lucknow,Consumer,Retail Store,3,3759.24,0.15,9586.06,8119.96,1466.1,2025-12
ORD01546,2025-11-03,CUST1346,Keyboard,Accessories,South,Bengaluru,Home Office,Online,2,2194.21,0.1,3949.58,2413.63,1535.95,2025-11
ORD01547,2025-06-05,CUST1004,Desk,Furniture,South,Kochi,Consumer,Online,4,15734.38,0.05,59790.64,39021.26,20769.38,2025-06
ORD01548,2025-11-09,CUST1272,Laptop,Electronics,West,Ahmedabad,Corporate,Retail Store,1,65522.36,0.0,65522.36,47176.1,18346.26,2025-11
ORD01549,2025-07-31,CUST1016,Headphones,Electronics,West,Pune,Home Office,Retail Store,10,3244.31,0.02,31794.24,23359.03,8435.21,2025-07
ORD01550,2025-11-29,CUST1199,Keyboard,Accessories,West,Ahmedabad,Consumer,Distributor,3,2246.87,0.15,5729.52,3707.34,2022.18,2025-11
ORD01551,2025-07-28,CUST1221,Backpack,Accessories,East,Bhubaneswar,Home Office,Online,2,1930.0,0.02,3782.8,2123.0,1659.8,2025-07
ORD01552,2025-05-10,CUST1042,Keyboard,Accessories,North,Lucknow,Consumer,Online,10,2235.77,0.15,19004.05,12296.74,6707.31,2025-05
ORD01553,2025-06-23,CUST1350,Keyboard,Accessories,West,Ahmedabad,Consumer,Retail Store,10,2312.35,0.0,23123.5,12717.93,10405.57,2025-06
ORD01554,2025-07-11,CUST1289,Smartphone,Electronics,North,Delhi,Consumer,Online,1,29721.24,0.1,26749.12,21399.29,5349.83,2025-07
ORD01555,2025-07-11,CUST1050,Smartphone,Electronics,West,Pune,Corporate,Online,3,26781.8,0.05,76328.13,57848.69,18479.44,2025-07
ORD01556,2025-12-16,CUST1260,Headphones,Electronics,East,Bhubaneswar,Home Office,Retail Store,5,3338.75,0.02,16359.88,12019.5,4340.38,2025-12
ORD01557,2025-03-18,CUST1160,Keyboard,Accessories,North,Delhi,Home Office,Distributor,5,2239.07,0.0,11195.35,6157.44,5037.91,2025-03
ORD01558,2025-05-30,CUST1309,Smartphone,Electronics,South,Bengaluru,Corporate,Online,1,27601.41,0.02,27049.38,19873.02,7176.36,2025-05
ORD01559,2025-03-21,CUST1060,Printer,Electronics,West,Surat,Home Office,Online,2,14761.29,0.08,27160.77,21256.26,5904.51,2025-03
ORD01560,2025-12-09,CUST1207,Mouse,Accessories,North,Jaipur,Consumer,Online,5,1276.8,0.02,6256.32,3511.2,2745.12,2025-12
ORD01561,2025-01-22,CUST1051,Desk,Furniture,North,Chandigarh,Corporate,Distributor,4,14648.21,0.1,52733.56,36327.56,16406.0,2025-01
ORD01562,2025-09-24,CUST1202,Smartphone,Electronics,East,Patna,Home Office,Retail Store,4,26821.18,0.1,96556.25,77245.0,19311.25,2025-09
ORD01563,2025-10-07,CUST1207,Monitor,Electronics,South,Bengaluru,Consumer,Online,6,18807.91,0.08,103819.66,81250.17,22569.49,2025-10
ORD01564,2025-08-11,CUST1157,Backpack,Accessories,North,Delhi,Consumer,Online,3,1735.14,0.08,4788.99,2862.98,1926.01,2025-08
ORD01565,2025-09-12,CUST1301,Office Chair,Furniture,West,Mumbai,Corporate,Online,6,12619.42,0.05,71930.69,46944.24,24986.45,2025-09
ORD01566,2025-10-20,CUST1198,Mouse,Accessories,North,Lucknow,Corporate,Online,1,1185.36,0.05,1126.09,651.95,474.14,2025-10
ORD01567,2025-04-07,CUST1269,Desk,Furniture,West,Mumbai,Home Office,Retail Store,2,15402.12,0.1,27723.82,19098.63,8625.19,2025-04
ORD01568,2025-04-02,CUST1164,Mouse,Accessories,South,Hyderabad,Home Office,Online,8,1122.34,0.02,8799.15,4938.3,3860.85,2025-04
ORD01569,2025-02-07,CUST1149,Monitor,Electronics,South,Hyderabad,Consumer,Online,6,18356.71,0.0,110140.26,79300.99,30839.27,2025-02
ORD01570,2025-01-03,CUST1206,Monitor,Electronics,East,Patna,Home Office,Distributor,5,17861.09,0.05,84840.18,64299.92,20540.26,2025-01
ORD01571,2025-01-23,CUST1293,Headphones,Electronics,North,Jaipur,Corporate,Online,6,3548.5,0.15,18097.35,15329.52,2767.83,2025-01
ORD01572,2025-12-30,CUST1143,Office Chair,Furniture,North,Lucknow,Consumer,Online,5,11362.59,0.08,52267.91,35224.03,17043.88,2025-12
ORD01573,2025-04-08,CUST1066,Keyboard,Accessories,South,Hyderabad,Corporate,Online,4,2283.38,0.08,8402.84,5023.44,3379.4,2025-04
ORD01574,2025-12-06,CUST1275,Monitor,Electronics,North,Delhi,Consumer,Distributor,3,19044.86,0.02,55991.89,41136.9,14854.99,2025-12
ORD01575,2025-06-17,CUST1275,Headphones,Electronics,West,Ahmedabad,Home Office,Retail Store,4,3341.37,0.05,12697.21,9623.15,3074.06,2025-06
ORD01576,2025-05-27,CUST1045,Office Chair,Furniture,West,Ahmedabad,Consumer,Online,5,11223.77,0.02,54996.47,34793.69,20202.78,2025-05
ORD01577,2025-10-12,CUST1095,Keyboard,Accessories,North,Delhi,Consumer,Online,2,2032.32,0.08,3739.47,2235.55,1503.92,2025-10
ORD01578,2025-02-12,CUST1340,Smartphone,Electronics,South,Chennai,Consumer,Online,3,28636.03,0.0,85908.09,61853.82,24054.27,2025-02
ORD01579,2025-09-15,CUST1090,Monitor,Electronics,West,Ahmedabad,Consumer,Online,1,18308.43,0.05,17393.01,13182.07,4210.94,2025-09
ORD01580,2025-06-29,CUST1116,Keyboard,Accessories,North,Delhi,Consumer,Online,2,2216.44,0.0,4432.88,2438.08,1994.8,2025-06
ORD01581,2025-04-05,CUST1271,Monitor,Electronics,South,Kochi,Consumer,Online,5,17228.01,0.1,77526.04,62020.84,15505.2,2025-04
ORD01582,2025-05-28,CUST1009,Mouse,Accessories,North,Lucknow,Consumer,Retail Store,2,1179.05,0.1,2122.29,1296.96,825.33,2025-05
ORD01583,2025-11-13,CUST1004,Headphones,Electronics,West,Ahmedabad,Consumer,Online,1,3552.91,0.02,3481.85,2558.1,923.75,2025-11
ORD01584,2025-07-15,CUST1019,Laptop,Electronics,East,Guwahati,Corporate,Online,2,64966.38,0.15,110442.85,93551.59,16891.26,2025-07
ORD01585,2025-10-16,CUST1199,Mouse,Accessories,North,Chandigarh,Home Office,Retail Store,2,1293.65,0.1,2328.57,1423.02,905.55,2025-10
ORD01586,2025-08-19,CUST1233,Monitor,Electronics,East,Patna,Consumer,Distributor,2,16952.95,0.02,33227.78,24412.25,8815.53,2025-08
ORD01587,2025-10-02,CUST1083,Desk,Furniture,North,Lucknow,Corporate,Online,8,15468.35,0.05,117559.46,76723.02,40836.44,2025-10
ORD01588,2025-07-08,CUST1117,Laptop,Electronics,South,Chennai,Consumer,Online,4,64004.92,0.1,230417.71,184334.17,46083.54,2025-07
ORD01589,2025-07-25,CUST1232,Headphones,Electronics,West,Ahmedabad,Consumer,Online,6,3459.79,0.08,19098.04,14946.29,4151.75,2025-07
ORD01590,2025-08-16,CUST1126,Backpack,Accessories,South,Chennai,Consumer,Online,4,1862.67,0.02,7301.67,4097.87,3203.8,2025-08
ORD01591,2025-04-22,CUST1192,Monitor,Electronics,East,Patna,Home Office,Online,4,18554.22,0.08,68279.53,53436.15,14843.38,2025-04
ORD01592,2025-11-26,CUST1212,Office Chair,Furniture,North,Jaipur,Consumer,Online,2,12943.21,0.1,23297.78,16049.58,7248.2,2025-11
ORD01593,2025-01-27,CUST1013,Monitor,Electronics,North,Jaipur,Corporate,Distributor,2,16929.78,0.08,31150.8,24378.88,6771.92,2025-01
ORD01594,2025-12-22,CUST1329,Monitor,Electronics,South,Bengaluru,Consumer,Retail Store,3,16859.84,0.02,49567.93,36417.25,13150.68,2025-12
ORD01595,2025-07-25,CUST1067,Printer,Electronics,West,Pune,Consumer,Online,2,14502.52,0.15,24654.28,20883.63,3770.65,2025-07
ORD01596,2025-09-07,CUST1028,Desk,Furniture,East,Kolkata,Corporate,Retail Store,1,15188.13,0.0,15188.13,9416.64,5771.49,2025-09
ORD01597,2025-06-19,CUST1186,Smartphone,Electronics,South,Chennai,Consumer,Online,2,26988.24,0.0,53976.48,38863.07,15113.41,2025-06
ORD01598,2025-11-16,CUST1288,Desk,Furniture,East,Guwahati,Consumer,Retail Store,2,13990.61,0.0,27981.22,17348.36,10632.86,2025-11
ORD01599,2025-03-23,CUST1322,Headphones,Electronics,North,Delhi,Corporate,Retail Store,1,3267.97,0.1,2941.17,2352.94,588.23,2025-03
ORD01600,2025-08-29,CUST1050,Office Chair,Furniture,East,Bhubaneswar,Home Office,Retail Store,1,12756.85,0.08,11736.3,7909.25,3827.05,2025-08
ORD01601,2025-01-21,CUST1186,Headphones,Electronics,West,Surat,Consumer,Online,1,3327.45,0.15,2828.33,2395.76,432.57,2025-01
ORD01602,2025-08-14,CUST1177,Printer,Electronics,East,Guwahati,Home Office,Distributor,6,13604.35,0.1,73463.49,58770.79,14692.7,2025-08
ORD01603,2025-06-23,CUST1057,Smartphone,Electronics,West,Mumbai,Consumer,Retail Store,4,26775.42,0.02,104959.65,77113.21,27846.44,2025-06
ORD01604,2025-12-09,CUST1309,Monitor,Electronics,West,Ahmedabad,Consumer,Retail Store,4,17582.39,0.05,66813.08,50637.28,16175.8,2025-12
ORD01605,2025-09-11,CUST1144,Laptop,Electronics,East,Guwahati,Home Office,Online,2,60522.01,0.1,108939.62,87151.69,21787.93,2025-09
ORD01606,2025-09-24,CUST1222,Laptop,Electronics,South,Bengaluru,Consumer,Online,2,65198.22,0.08,119964.72,93885.44,26079.28,2025-09
ORD01607,2025-06-22,CUST1006,Laptop,Electronics,South,Kochi,Corporate,Online,1,60503.17,0.1,54452.85,43562.28,10890.57,2025-06
ORD01608,2025-10-21,CUST1139,Laptop,Electronics,South,Bengaluru,Home Office,Online,1,68123.71,0.15,57905.15,49049.07,8856.08,2025-10
ORD01609,2025-12-23,CUST1134,Backpack,Accessories,South,Kochi,Consumer,Online,6,1723.31,0.15,8788.88,5686.92,3101.96,2025-12
ORD01610,2025-10-10,CUST1164,Monitor,Electronics,South,Chennai,Consumer,Online,4,18115.23,0.15,61591.78,52171.86,9419.92,2025-10
ORD01611,2025-09-18,CUST1034,Smartphone,Electronics,North,Jaipur,Corporate,Online,1,29702.75,0.05,28217.61,21385.98,6831.63,2025-09
ORD01612,2025-03-20,CUST1317,Printer,Electronics,West,Mumbai,Home Office,Online,1,14337.97,0.05,13621.07,10323.34,3297.73,2025-03
ORD01613,2025-02-06,CUST1063,Headphones,Electronics,East,Guwahati,Corporate,Online,4,3518.46,0.1,12666.46,10133.16,2533.3,2025-02
ORD01614,2025-01-29,CUST1120,Headphones,Electronics,North,Delhi,Consumer,Retail Store,1,3401.63,0.08,3129.5,2449.17,680.33,2025-01
ORD01615,2025-04-18,CUST1254,Laptop,Electronics,West,Surat,Consumer,Online,3,63263.22,0.02,185993.87,136648.56,49345.31,2025-04
ORD01616,2025-11-06,CUST1135,Headphones,Electronics,South,Hyderabad,Consumer,Online,1,3594.91,0.02,3523.01,2588.34,934.67,2025-11
ORD01617,2025-03-15,CUST1165,Mouse,Accessories,East,Bhubaneswar,Corporate,Retail Store,1,1294.87,0.02,1268.97,712.18,556.79,2025-03
ORD01618,2025-04-27,CUST1129,Headphones,Electronics,South,Chennai,Corporate,Online,2,3590.63,0.08,6606.76,5170.51,1436.25,2025-04
ORD01619,2025-06-26,CUST1177,Monitor,Electronics,South,Chennai,Consumer,Online,1,18166.42,0.08,16713.11,13079.82,3633.29,2025-06
ORD01620,2025-01-31,CUST1346,Printer,Electronics,West,Surat,Consumer,Retail Store,4,14516.66,0.0,58066.64,41807.98,16258.66,2025-01
ORD01621,2025-02-15,CUST1135,Desk,Furniture,East,Patna,Corporate,Retail Store,8,14916.49,0.1,107398.73,73985.79,33412.94,2025-02
ORD01622,2025-06-13,CUST1098,Keyboard,Accessories,South,Kochi,Consumer,Online,3,2045.17,0.1,5521.96,3374.53,2147.43,2025-06
ORD01623,2025-04-27,CUST1238,Printer,Electronics,North,Lucknow,Consumer,Distributor,2,14139.54,0.08,26016.75,20360.94,5655.81,2025-04
ORD01624,2025-08-26,CUST1196,Keyboard,Accessories,North,Chandigarh,Consumer,Online,1,2361.08,0.05,2243.03,1298.59,944.44,2025-08
ORD01625,2025-11-20,CUST1304,Headphones,Electronics,South,Hyderabad,Consumer,Retail Store,6,3318.17,0.02,19510.84,14334.49,5176.35,2025-11
ORD01626,2025-04-05,CUST1201,Monitor,Electronics,North,Chandigarh,Consumer,Online,1,18547.21,0.08,17063.43,13353.99,3709.44,2025-04
ORD01627,2025-03-23,CUST1223,Office Chair,Furniture,West,Ahmedabad,Consumer,Online,4,11425.79,0.08,42046.91,28335.96,13710.95,2025-03
ORD01628,2025-03-23,CUST1245,Keyboard,Accessories,West,Mumbai,Consumer,Online,8,2212.61,0.15,15045.75,9735.48,5310.27,2025-03
ORD01629,2025-11-08,CUST1324,Office Chair,Furniture,North,Chandigarh,Corporate,Online,1,11225.62,0.05,10664.34,6959.88,3704.46,2025-11
ORD01630,2025-03-23,CUST1192,Desk,Furniture,East,Guwahati,Corporate,Retail Store,3,14880.89,0.05,42410.54,27678.46,14732.08,2025-03
ORD01631,2025-12-19,CUST1168,Headphones,Electronics,South,Kochi,Consumer,Online,2,3643.45,0.02,7141.16,5246.57,1894.59,2025-12
ORD01632,2025-12-19,CUST1285,Monitor,Electronics,West,Ahmedabad,Corporate,Distributor,3,17561.01,0.05,50048.88,37931.78,12117.1,2025-12
ORD01633,2025-06-24,CUST1118,Printer,Electronics,West,Pune,Home Office,Distributor,4,14369.4,0.1,51729.84,41383.87,10345.97,2025-06
ORD01634,2025-12-29,CUST1049,Printer,Electronics,East,Bhubaneswar,Consumer,Online,1,14661.81,0.1,13195.63,10556.5,2639.13,2025-12
ORD01635,2025-07-16,CUST1137,Headphones,Electronics,East,Kolkata,Corporate,Online,6,3739.22,0.15,19070.02,16153.43,2916.59,2025-07
ORD01636,2025-02-04,CUST1243,Keyboard,Accessories,South,Bengaluru,Corporate,Online,1,2106.59,0.0,2106.59,1158.62,947.97,2025-02
ORD01637,2025-05-07,CUST1164,Monitor,Electronics,East,Patna,Consumer,Retail Store,3,17710.03,0.05,50473.59,38253.66,12219.93,2025-05
ORD01638,2025-09-06,CUST1310,Desk,Furniture,East,Bhubaneswar,Home Office,Retail Store,8,14165.8,0.1,101993.76,70262.37,31731.39,2025-09
ORD01639,2025-03-03,CUST1217,Office Chair,Furniture,West,Pune,Corporate,Online,2,12945.57,0.08,23819.85,16052.51,7767.34,2025-03
ORD01640,2025-12-25,CUST1041,Laptop,Electronics,South,Bengaluru,Consumer,Online,3,69440.81,0.08,191656.64,149992.15,41664.49,2025-12
ORD01641,2025-07-08,CUST1161,Keyboard,Accessories,West,Pune,Consumer,Online,1,2214.06,0.08,2036.94,1217.73,819.21,2025-07
ORD01642,2025-02-25,CUST1166,Office Chair,Furniture,South,Bengaluru,Corporate,Online,1,12656.7,0.02,12403.57,7847.15,4556.42,2025-02
ORD01643,2025-01-09,CUST1193,Smartphone,Electronics,North,Lucknow,Corporate,Online,2,28093.89,0.15,47759.61,40455.2,7304.41,2025-01
ORD01644,2025-10-09,CUST1330,Laptop,Electronics,East,Patna,Consumer,Online,5,66285.29,0.0,331426.45,238627.04,92799.41,2025-10
ORD01645,2025-05-25,CUST1255,Desk,Furniture,East,Kolkata,Home Office,Online,4,14013.9,0.02,54934.49,34754.47,20180.02,2025-05
ORD01646,2025-02-02,CUST1183,Smartphone,Electronics,North,Delhi,Corporate,Distributor,2,29143.61,0.05,55372.86,41966.8,13406.06,2025-02
ORD01647,2025-06-23,CUST1203,Smartphone,Electronics,South,Hyderabad,Consumer,Online,3,26332.16,0.15,67147.01,56877.47,10269.54,2025-06
ORD01648,2025-12-22,CUST1117,Headphones,Electronics,East,Kolkata,Corporate,Online,1,3682.6,0.05,3498.47,2651.47,847.0,2025-12
ORD01649,2025-05-03,CUST1022,Laptop,Electronics,East,Kolkata,Consumer,Retail Store,2,67933.09,0.0,135866.18,97823.65,38042.53,2025-05
ORD01650,2025-04-23,CUST1203,Monitor,Electronics,West,Pune,Consumer,Online,4,18601.18,0.15,63244.01,53571.4,9672.61,2025-04
ORD01651,2025-01-10,CUST1021,Mouse,Accessories,West,Surat,Consumer,Retail Store,2,1110.94,0.0,2221.88,1222.03,999.85,2025-01
ORD01652,2025-04-13,CUST1189,Printer,Electronics,North,Jaipur,Corporate,Online,4,13559.01,0.1,48812.44,39049.95,9762.49,2025-04
ORD01653,2025-09-18,CUST1137,Headphones,Electronics,South,Bengaluru,Corporate,Distributor,4,3367.34,0.05,12795.89,9697.94,3097.95,2025-09
ORD01654,2025-10-12,CUST1168,Desk,Furniture,South,Bengaluru,Home Office,Retail Store,2,14664.33,0.02,28742.09,18183.77,10558.32,2025-10
ORD01655,2025-05-14,CUST1263,Backpack,Accessories,North,Lucknow,Consumer,Online,8,1681.24,0.15,11432.43,7397.46,4034.97,2025-05
ORD01656,2025-07-27,CUST1103,Monitor,Electronics,North,Delhi,Consumer,Online,6,19258.44,0.02,113239.63,83196.46,30043.17,2025-07
ORD01657,2025-10-19,CUST1332,Office Chair,Furniture,West,Pune,Home Office,Retail Store,2,12103.3,0.0,24206.6,15008.09,9198.51,2025-10
ORD01658,2025-11-17,CUST1171,Monitor,Electronics,East,Patna,Consumer,Online,1,17439.91,0.02,17091.11,12556.74,4534.37,2025-11
ORD01659,2025-04-16,CUST1252,Keyboard,Accessories,West,Surat,Corporate,Online,2,2163.74,0.02,4240.93,2380.11,1860.82,2025-04
ORD01660,2025-09-03,CUST1318,Mouse,Accessories,East,Bhubaneswar,Consumer,Online,1,1189.86,0.0,1189.86,654.42,535.44,2025-09
ORD01661,2025-01-26,CUST1050,Laptop,Electronics,West,Mumbai,Consumer,Online,3,66046.18,0.02,194175.77,142659.75,51516.02,2025-01
ORD01662,2025-01-28,CUST1214,Desk,Furniture,North,Jaipur,Home Office,Retail Store,2,15037.63,0.05,28571.5,18646.66,9924.84,2025-01
ORD01663,2025-12-01,CUST1062,Laptop,Electronics,South,Hyderabad,Home Office,Online,2,69361.68,0.02,135948.89,99880.82,36068.07,2025-12
ORD01664,2025-11-22,CUST1297,Laptop,Electronics,West,Surat,Consumer,Online,4,64968.42,0.08,239083.79,187109.05,51974.74,2025-11
ORD01665,2025-12-22,CUST1111,Mouse,Accessories,South,Hyderabad,Corporate,Online,4,1294.49,0.02,5074.4,2847.88,2226.52,2025-12
ORD01666,2025-02-03,CUST1007,Backpack,Accessories,East,Kolkata,Consumer,Online,2,1901.21,0.02,3726.37,2091.33,1635.04,2025-02
ORD01667,2025-10-23,CUST1013,Laptop,Electronics,East,Patna,Corporate,Retail Store,1,61968.51,0.05,58870.08,44617.33,14252.75,2025-10
ORD01668,2025-12-10,CUST1023,Office Chair,Furniture,West,Pune,Consumer,Online,1,12826.74,0.15,10902.73,7952.58,2950.15,2025-12
ORD01669,2025-10-16,CUST1187,Backpack,Accessories,East,Guwahati,Corporate,Retail Store,4,1689.51,0.05,6420.14,3716.92,2703.22,2025-10
ORD01670,2025-02-15,CUST1283,Printer,Electronics,South,Kochi,Corporate,Online,6,14711.09,0.15,75026.56,63551.91,11474.65,2025-02
ORD01671,2025-10-04,CUST1150,Headphones,Electronics,South,Chennai,Consumer,Retail Store,2,3433.15,0.05,6522.98,4943.74,1579.24,2025-10
ORD01672,2025-03-17,CUST1171,Keyboard,Accessories,East,Guwahati,Consumer,Online,3,2333.05,0.02,6859.17,3849.53,3009.64,2025-03
ORD01673,2025-07-03,CUST1075,Keyboard,Accessories,South,Bengaluru,Home Office,Online,6,2329.56,0.15,11880.76,7687.55,4193.21,2025-07
ORD01674,2025-11-03,CUST1203,Desk,Furniture,East,Bhubaneswar,Home Office,Retail Store,8,15734.22,0.02,123356.28,78041.73,45314.55,2025-11
ORD01675,2025-02-11,CUST1341,Backpack,Accessories,West,Mumbai,Consumer,Retail Store,2,1883.53,0.1,3390.35,2071.88,1318.47,2025-02
ORD01676,2025-03-26,CUST1281,Monitor,Electronics,East,Patna,Consumer,Online,5,17437.48,0.05,82828.03,62774.93,20053.1,2025-03
ORD01677,2025-07-22,CUST1116,Mouse,Accessories,East,Guwahati,Consumer,Online,2,1119.54,0.0,2239.08,1231.49,1007.59,2025-07
ORD01678,2025-11-24,CUST1254,Keyboard,Accessories,North,Jaipur,Corporate,Distributor,8,2165.85,0.0,17326.8,9529.74,7797.06,2025-11
ORD01679,2025-03-15,CUST1327,Smartphone,Electronics,East,Patna,Consumer,Online,5,26537.39,0.1,119418.26,95534.6,23883.66,2025-03
ORD01680,2025-02-19,CUST1037,Monitor,Electronics,North,Delhi,Consumer,Online,5,18561.46,0.15,78886.2,66821.26,12064.94,2025-02
ORD01681,2025-02-04,CUST1306,Office Chair,Furniture,South,Hyderabad,Consumer,Online,2,11704.51,0.15,19897.67,14513.59,5384.08,2025-02
ORD01682,2025-06-03,CUST1315,Desk,Furniture,South,Bengaluru,Consumer,Retail Store,6,16141.46,0.15,82321.45,60046.23,22275.22,2025-06
ORD01683,2025-10-31,CUST1197,Laptop,Electronics,East,Kolkata,Consumer,Online,2,66466.11,0.08,122297.64,95711.2,26586.44,2025-10
ORD01684,2025-10-03,CUST1020,Smartphone,Electronics,South,Chennai,Home Office,Retail Store,10,29444.71,0.08,270891.33,212001.91,58889.42,2025-10
ORD01685,2025-09-07,CUST1233,Smartphone,Electronics,South,Hyderabad,Consumer,Retail Store,4,26353.71,0.0,105414.84,75898.68,29516.16,2025-09
ORD01686,2025-07-14,CUST1111,Desk,Furniture,South,Kochi,Consumer,Online,4,15868.83,0.08,58397.29,39354.7,19042.59,2025-07
ORD01687,2025-11-11,CUST1228,Backpack,Accessories,North,Jaipur,Corporate,Retail Store,1,1921.75,0.1,1729.58,1056.96,672.62,2025-11
ORD01688,2025-02-05,CUST1025,Mouse,Accessories,North,Lucknow,Corporate,Online,6,1197.52,0.15,6107.35,3951.82,2155.53,2025-02
ORD01689,2025-05-10,CUST1149,Printer,Electronics,North,Chandigarh,Consumer,Online,5,14238.01,0.0,71190.05,51256.84,19933.21,2025-05
ORD01690,2025-11-04,CUST1003,Desk,Furniture,South,Bengaluru,Home Office,Online,3,15635.54,0.02,45968.49,29082.1,16886.39,2025-11
ORD01691,2025-07-18,CUST1253,Headphones,Electronics,West,Mumbai,Consumer,Online,5,3317.91,0.1,14930.59,11944.48,2986.11,2025-07
ORD01692,2025-04-28,CUST1289,Keyboard,Accessories,West,Mumbai,Consumer,Online,4,2200.9,0.1,7923.24,4841.98,3081.26,2025-04
ORD01693,2025-01-13,CUST1279,Keyboard,Accessories,South,Kochi,Consumer,Online,4,2164.33,0.15,7358.72,4761.53,2597.19,2025-01
ORD01694,2025-02-24,CUST1135,Backpack,Accessories,South,Chennai,Consumer,Retail Store,1,1698.16,0.0,1698.16,933.99,764.17,2025-02
ORD01695,2025-12-07,CUST1045,Desk,Furniture,South,Bengaluru,Home Office,Distributor,1,14682.08,0.02,14388.44,9102.89,5285.55,2025-12
ORD01696,2025-10-20,CUST1035,Headphones,Electronics,East,Guwahati,Corporate,Online,3,3258.18,0.08,8992.58,7037.67,1954.91,2025-10
ORD01697,2025-12-03,CUST1201,Headphones,Electronics,East,Kolkata,Corporate,Online,1,3234.45,0.02,3169.76,2328.8,840.96,2025-12
ORD01698,2025-01-06,CUST1156,Desk,Furniture,North,Delhi,Consumer,Retail Store,3,14124.4,0.0,42373.2,26271.38,16101.82,2025-01
ORD01699,2025-03-12,CUST1110,Desk,Furniture,West,Surat,Corporate,Online,3,16111.48,0.08,44467.68,29967.35,14500.33,2025-03
ORD01700,2025-02-20,CUST1245,Headphones,Electronics,South,Hyderabad,Consumer,Online,3,3527.74,0.0,10583.22,7619.92,2963.3,2025-02
ORD01701,2025-09-20,CUST1135,Smartphone,Electronics,East,Bhubaneswar,Corporate,Online,3,30086.88,0.02,88455.43,64987.66,23467.77,2025-09
ORD01702,2025-07-28,CUST1192,Laptop,Electronics,West,Mumbai,Home Office,Retail Store,1,64297.98,0.15,54653.28,46294.55,8358.73,2025-07
ORD01703,2025-07-20,CUST1209,Keyboard,Accessories,East,Bhubaneswar,Corporate,Online,3,2133.76,0.1,5761.15,3520.7,2240.45,2025-07
ORD01704,2025-11-27,CUST1034,Headphones,Electronics,South,Chennai,Consumer,Online,3,3503.44,0.08,9669.49,7567.43,2102.06,2025-11
ORD01705,2025-10-15,CUST1238,Smartphone,Electronics,East,Bhubaneswar,Corporate,Online,2,27729.01,0.05,52685.12,39929.77,12755.35,2025-10
ORD01706,2025-11-29,CUST1198,Desk,Furniture,South,Chennai,Home Office,Distributor,3,14053.6,0.08,38787.94,26139.7,12648.24,2025-11
ORD01707,2025-12-19,CUST1273,Printer,Electronics,East,Bhubaneswar,Consumer,Online,3,14315.45,0.05,40799.03,30921.37,9877.66,2025-12
ORD01708,2025-09-22,CUST1263,Printer,Electronics,East,Patna,Corporate,Distributor,5,13363.93,0.1,60137.68,48110.15,12027.53,2025-09
ORD01709,2025-04-27,CUST1099,Desk,Furniture,West,Ahmedabad,Home Office,Retail Store,2,15287.01,0.05,29045.32,18955.89,10089.43,2025-04
ORD01710,2025-06-21,CUST1072,Mouse,Accessories,East,Patna,Consumer,Online,3,1228.84,0.1,3317.87,2027.59,1290.28,2025-06
ORD01711,2025-12-19,CUST1298,Office Chair,Furniture,North,Lucknow,Corporate,Retail Store,1,11331.89,0.08,10425.34,7025.77,3399.57,2025-12
ORD01712,2025-09-24,CUST1094,Headphones,Electronics,North,Lucknow,Corporate,Online,5,3254.36,0.05,15458.21,11715.7,3742.51,2025-09
ORD01713,2025-11-28,CUST1175,Keyboard,Accessories,South,Kochi,Consumer,Online,3,2298.83,0.1,6206.84,3793.07,2413.77,2025-11
ORD01714,2025-03-16,CUST1002,Office Chair,Furniture,East,Patna,Consumer,Online,3,11922.82,0.08,32906.98,22176.45,10730.53,2025-03
ORD01715,2025-02-04,CUST1142,Monitor,Electronics,West,Ahmedabad,Home Office,Online,10,16727.51,0.1,150547.59,120438.07,30109.52,2025-02
ORD01716,2025-09-19,CUST1056,Printer,Electronics,South,Chennai,Consumer,Online,10,15108.5,0.1,135976.5,108781.2,27195.3,2025-09
ORD01717,2025-09-01,CUST1022,Backpack,Accessories,South,Hyderabad,Consumer,Online,4,1672.64,0.0,6690.56,3679.81,3010.75,2025-09
ORD01718,2025-02-05,CUST1105,Office Chair,Furniture,North,Lucknow,Consumer,Online,4,12374.47,0.08,45538.05,30688.69,14849.36,2025-02
ORD01719,2025-01-21,CUST1124,Printer,Electronics,North,Delhi,Consumer,Retail Store,2,15083.44,0.08,27753.53,21720.15,6033.38,2025-01
ORD01720,2025-04-29,CUST1284,Monitor,Electronics,East,Patna,Home Office,Online,2,17248.84,0.0,34497.68,24838.33,9659.35,2025-04
ORD01721,2025-10-27,CUST1009,Desk,Furniture,West,Pune,Corporate,Retail Store,1,14141.4,0.1,12727.26,8767.67,3959.59,2025-10
ORD01722,2025-03-24,CUST1114,Smartphone,Electronics,East,Patna,Corporate,Online,2,26303.8,0.08,48398.99,37877.47,10521.52,2025-03
ORD01723,2025-05-04,CUST1158,Keyboard,Accessories,East,Bhubaneswar,Home Office,Online,1,2130.75,0.15,1811.14,1171.91,639.23,2025-05
ORD01724,2025-08-11,CUST1228,Printer,Electronics,West,Surat,Consumer,Online,5,13106.34,0.08,60289.16,47182.82,13106.34,2025-08
ORD01725,2025-08-15,CUST1106,Headphones,Electronics,West,Surat,Home Office,Retail Store,1,3607.61,0.05,3427.23,2597.48,829.75,2025-08
ORD01726,2025-12-11,CUST1311,Keyboard,Accessories,South,Chennai,Consumer,Online,3,2045.93,0.08,5646.77,3375.78,2270.99,2025-12
ORD01727,2025-04-16,CUST1107,Desk,Furniture,North,Delhi,Corporate,Retail Store,2,15022.61,0.08,27641.6,18628.04,9013.56,2025-04
ORD01728,2025-04-22,CUST1241,Desk,Furniture,South,Chennai,Consumer,Online,2,16192.07,0.1,29145.73,20078.17,9067.56,2025-04
ORD01729,2025-01-13,CUST1185,Printer,Electronics,South,Hyderabad,Consumer,Retail Store,2,14703.29,0.05,27936.25,21172.74,6763.51,2025-01
ORD01730,2025-07-15,CUST1138,Laptop,Electronics,South,Kochi,Home Office,Online,2,66198.28,0.02,129748.63,95325.52,34423.11,2025-07
ORD01731,2025-07-07,CUST1101,Office Chair,Furniture,South,Bengaluru,Consumer,Retail Store,3,11628.01,0.1,31395.63,21628.1,9767.53,2025-07
ORD01732,2025-01-19,CUST1284,Backpack,Accessories,South,Bengaluru,Consumer,Distributor,1,1835.68,0.15,1560.33,1009.62,550.71,2025-01
ORD01733,2025-01-26,CUST1096,Office Chair,Furniture,North,Lucknow,Consumer,Online,5,12051.92,0.05,57246.62,37360.95,19885.67,2025-01
ORD01734,2025-04-28,CUST1091,Backpack,Accessories,South,Hyderabad,Consumer,Online,1,1778.71,0.15,1511.9,978.29,533.61,2025-04
ORD01735,2025-05-28,CUST1309,Mouse,Accessories,South,Kochi,Home Office,Online,5,1129.1,0.02,5532.59,3105.03,2427.56,2025-05
ORD01736,2025-12-31,CUST1284,Smartphone,Electronics,North,Delhi,Consumer,Retail Store,3,29731.99,0.08,82060.29,64221.1,17839.19,2025-12
ORD01737,2025-07-08,CUST1263,Headphones,Electronics,North,Jaipur,Consumer,Online,5,3471.88,0.05,16491.43,12498.77,3992.66,2025-07
ORD01738,2025-01-11,CUST1124,Mouse,Accessories,South,Hyderabad,Consumer,Online,3,1141.37,0.02,3355.63,1883.26,1472.37,2025-01
ORD01739,2025-11-08,CUST1128,Desk,Furniture,East,Patna,Consumer,Online,4,14682.62,0.15,49920.91,36412.9,13508.01,2025-11
ORD01740,2025-03-24,CUST1251,Printer,Electronics,West,Mumbai,Home Office,Online,2,13807.65,0.1,24853.77,19883.02,4970.75,2025-03
ORD01741,2025-12-13,CUST1182,Backpack,Accessories,East,Guwahati,Home Office,Online,3,1894.33,0.1,5114.69,3125.64,1989.05,2025-12
ORD01742,2025-11-07,CUST1256,Printer,Electronics,West,Surat,Corporate,Online,2,14523.3,0.1,26141.94,20913.55,5228.39,2025-11
ORD01743,2025-03-06,CUST1193,Laptop,Electronics,North,Lucknow,Home Office,Online,6,67800.77,0.08,374260.25,292899.33,81360.92,2025-03
ORD01744,2025-06-03,CUST1076,Desk,Furniture,North,Chandigarh,Consumer,Online,2,13826.48,0.15,23505.02,17144.84,6360.18,2025-06
ORD01745,2025-08-19,CUST1117,Printer,Electronics,West,Pune,Corporate,Online,2,13812.18,0.0,27624.36,19889.54,7734.82,2025-08
ORD01746,2025-08-13,CUST1213,Office Chair,Furniture,South,Kochi,Corporate,Online,1,11964.18,0.02,11724.9,7417.79,4307.11,2025-08
ORD01747,2025-01-27,CUST1335,Monitor,Electronics,West,Mumbai,Consumer,Online,2,16615.27,0.08,30572.1,23925.99,6646.11,2025-01
ORD01748,2025-08-10,CUST1035,Smartphone,Electronics,East,Patna,Home Office,Retail Store,1,26923.96,0.08,24770.04,19385.25,5384.79,2025-08
ORD01749,2025-06-30,CUST1139,Desk,Furniture,North,Jaipur,Consumer,Online,4,15624.7,0.1,56248.92,38749.26,17499.66,2025-06
ORD01750,2025-01-31,CUST1178,Laptop,Electronics,South,Chennai,Consumer,Online,5,61225.94,0.08,281639.32,220413.38,61225.94,2025-01
ORD01751,2025-11-15,CUST1222,Desk,Furniture,South,Hyderabad,Corporate,Retail Store,6,15084.74,0.08,83267.76,56115.23,27152.53,2025-11
ORD01752,2025-09-21,CUST1339,Laptop,Electronics,East,Kolkata,Home Office,Online,5,62038.1,0.05,294680.97,223337.16,71343.81,2025-09
ORD01753,2025-08-14,CUST1023,Office Chair,Furniture,North,Jaipur,Consumer,Online,2,11063.27,0.0,22126.54,13718.45,8408.09,2025-08
ORD01754,2025-06-05,CUST1219,Laptop,Electronics,West,Pune,Consumer,Online,5,62308.5,0.02,305311.65,224310.6,81001.05,2025-06
ORD01755,2025-10-08,CUST1248,Printer,Electronics,South,Bengaluru,Consumer,Online,5,15065.96,0.05,71563.31,54237.46,17325.85,2025-10
ORD01756,2025-02-03,CUST1176,Monitor,Electronics,South,Bengaluru,Home Office,Online,1,18868.43,0.08,17358.96,13585.27,3773.69,2025-02
ORD01757,2025-11-12,CUST1170,Desk,Furniture,West,Ahmedabad,Corporate,Online,6,16102.98,0.15,82125.2,59903.09,22222.11,2025-11
ORD01758,2025-11-20,CUST1223,Desk,Furniture,South,Chennai,Corporate,Retail Store,2,14970.85,0.0,29941.7,18563.85,11377.85,2025-11
ORD01759,2025-09-05,CUST1154,Office Chair,Furniture,South,Chennai,Consumer,Retail Store,2,11250.69,0.1,20251.24,13950.86,6300.38,2025-09
ORD01760,2025-05-12,CUST1079,Smartphone,Electronics,West,Pune,Home Office,Online,8,28214.86,0.08,207661.37,162517.59,45143.78,2025-05
ORD01761,2025-02-20,CUST1125,Mouse,Accessories,South,Kochi,Corporate,Online,2,1191.24,0.0,2382.48,1310.36,1072.12,2025-02
ORD01762,2025-03-25,CUST1222,Printer,Electronics,South,Hyderabad,Corporate,Distributor,1,14771.36,0.08,13589.65,10635.38,2954.27,2025-03
ORD01763,2025-03-20,CUST1252,Backpack,Accessories,South,Hyderabad,Consumer,Online,2,1684.25,0.08,3099.02,1852.68,1246.34,2025-03
ORD01764,2025-07-22,CUST1173,Printer,Electronics,North,Chandigarh,Home Office,Online,3,13973.66,0.02,41082.56,30183.11,10899.45,2025-07
ORD01765,2025-03-23,CUST1005,Printer,Electronics,South,Kochi,Home Office,Online,1,13216.11,0.15,11233.69,9515.6,1718.09,2025-03
ORD01766,2025-03-18,CUST1027,Mouse,Accessories,South,Hyderabad,Home Office,Retail Store,4,1166.34,0.02,4572.05,2565.95,2006.1,2025-03
ORD01767,2025-01-02,CUST1183,Keyboard,Accessories,North,Jaipur,Consumer,Retail Store,4,2283.55,0.15,7764.07,5023.81,2740.26,2025-01
ORD01768,2025-12-08,CUST1043,Printer,Electronics,North,Jaipur,Home Office,Online,1,13946.28,0.1,12551.65,10041.32,2510.33,2025-12
ORD01769,2025-01-21,CUST1056,Printer,Electronics,North,Jaipur,Corporate,Distributor,5,13721.99,0.08,63121.15,49399.16,13721.99,2025-01
ORD01770,2025-05-17,CUST1134,Printer,Electronics,South,Hyderabad,Home Office,Online,1,13763.63,0.1,12387.27,9909.81,2477.46,2025-05
ORD01771,2025-03-22,CUST1084,Mouse,Accessories,North,Jaipur,Corporate,Online,5,1192.21,0.15,5066.89,3278.58,1788.31,2025-03
ORD01772,2025-12-22,CUST1215,Keyboard,Accessories,West,Ahmedabad,Home Office,Online,3,2300.33,0.08,6348.91,3795.54,2553.37,2025-12
ORD01773,2025-05-01,CUST1031,Office Chair,Furniture,East,Bhubaneswar,Consumer,Online,1,12752.8,0.0,12752.8,7906.74,4846.06,2025-05
ORD01774,2025-10-28,CUST1164,Smartphone,Electronics,North,Chandigarh,Consumer,Retail Store,2,30039.9,0.05,57075.81,43257.46,13818.35,2025-10
ORD01775,2025-10-24,CUST1283,Monitor,Electronics,West,Surat,Consumer,Distributor,4,18826.28,0.15,64009.35,54219.69,9789.66,2025-10
ORD01776,2025-10-28,CUST1099,Office Chair,Furniture,West,Pune,Home Office,Retail Store,2,11645.58,0.08,21427.87,14440.52,6987.35,2025-10
ORD01777,2025-06-26,CUST1166,Smartphone,Electronics,North,Lucknow,Consumer,Retail Store,2,28842.84,0.08,53070.83,41533.69,11537.14,2025-06
ORD01778,2025-08-19,CUST1095,Headphones,Electronics,West,Surat,Corporate,Distributor,4,3465.06,0.15,11781.2,9979.37,1801.83,2025-08
ORD01779,2025-01-04,CUST1072,Headphones,Electronics,West,Surat,Consumer,Distributor,2,3362.62,0.0,6725.24,4842.17,1883.07,2025-01
ORD01780,2025-05-03,CUST1324,Mouse,Accessories,East,Patna,Home Office,Retail Store,2,1265.45,0.0,2530.9,1392.0,1138.9,2025-05
ORD01781,2025-07-04,CUST1104,Desk,Furniture,West,Ahmedabad,Consumer,Online,4,13892.22,0.1,50011.99,34452.71,15559.28,2025-07
ORD01782,2025-04-19,CUST1314,Headphones,Electronics,South,Chennai,Corporate,Distributor,10,3724.99,0.1,33524.91,26819.93,6704.98,2025-04
ORD01783,2025-04-11,CUST1234,Backpack,Accessories,West,Mumbai,Consumer,Retail Store,3,1788.91,0.1,4830.06,2951.7,1878.36,2025-04
ORD01784,2025-01-23,CUST1238,Office Chair,Furniture,South,Kochi,Corporate,Distributor,1,12263.43,0.08,11282.36,7603.33,3679.03,2025-01
ORD01785,2025-11-08,CUST1020,Printer,Electronics,South,Chennai,Home Office,Online,2,14356.95,0.15,24406.82,20674.01,3732.81,2025-11
ORD01786,2025-04-28,CUST1123,Printer,Electronics,South,Chennai,Consumer,Online,2,14885.06,0.08,27388.51,21434.49,5954.02,2025-04
ORD01787,2025-07-23,CUST1214,Laptop,Electronics,South,Hyderabad,Corporate,Online,5,66421.36,0.1,298896.12,239116.9,59779.22,2025-07
ORD01788,2025-01-09,CUST1110,Mouse,Accessories,West,Ahmedabad,Corporate,Retail Store,3,1221.88,0.1,3299.08,2016.1,1282.98,2025-01
ORD01789,2025-10-01,CUST1169,Mouse,Accessories,South,Hyderabad,Home Office,Distributor,2,1116.8,0.15,1898.56,1228.48,670.08,2025-10
ORD01790,2025-04-01,CUST1011,Mouse,Accessories,East,Kolkata,Corporate,Online,3,1203.53,0.08,3321.74,1985.82,1335.92,2025-04
ORD01791,2025-02-20,CUST1219,Headphones,Electronics,West,Ahmedabad,Consumer,Online,2,3304.09,0.02,6476.02,4757.89,1718.13,2025-02
ORD01792,2025-04-15,CUST1040,Headphones,Electronics,South,Chennai,Consumer,Online,3,3632.96,0.0,10898.88,7847.19,3051.69,2025-04
ORD01793,2025-03-21,CUST1092,Smartphone,Electronics,West,Mumbai,Home Office,Online,4,28054.75,0.05,106608.05,80797.68,25810.37,2025-03
ORD01794,2025-02-28,CUST1183,Keyboard,Accessories,South,Kochi,Consumer,Online,3,2263.44,0.0,6790.32,3734.68,3055.64,2025-02
ORD01795,2025-02-17,CUST1045,Desk,Furniture,North,Jaipur,Corporate,Online,1,13900.01,0.1,12510.01,8618.01,3892.0,2025-02
ORD01796,2025-02-02,CUST1180,Headphones,Electronics,North,Jaipur,Corporate,Retail Store,1,3267.48,0.15,2777.36,2352.59,424.77,2025-02
ORD01797,2025-01-16,CUST1086,Desk,Furniture,West,Surat,Consumer,Online,5,15519.18,0.02,76043.98,48109.46,27934.52,2025-01
ORD01798,2025-04-08,CUST1286,Printer,Electronics,East,Kolkata,Home Office,Retail Store,5,13041.47,0.08,59990.76,46949.29,13041.47,2025-04
ORD01799,2025-08-23,CUST1293,Backpack,Accessories,South,Chennai,Consumer,Online,2,1676.52,0.0,3353.04,1844.17,1508.87,2025-08
ORD01800,2025-07-01,CUST1238,Laptop,Electronics,West,Ahmedabad,Corporate,Online,5,59925.93,0.05,284648.17,215733.35,68914.82,2025-07
